UID,growth_stage
F3LbWkZq,4.302390698562377
6P4wLVzI,3.9863257287404847
Tn6HIrdS,2.933936942064247
EYM5R1TK,4.059857096948062
fkcevlA0,5.328468292095058
QumzsyqU,3.846411198256974
I5axlwYR,2.9343028441784553
C95wnKFx,2.022376623418895
79kzEdvF,3.9952308816637383
YSCVBnkr,3.7504487771869757
Zmw5jCv8,3.0269190257675835
a1dESxDL,6.890583291424555
yxR8khFG,3.9333174897073335
qiAeBInp,2.6148679105003247
nlsuxPb1,3.557076861495152
QipL41yR,2.0207138881199262
ez51RTAd,2.106040025149268
OHs5wU4D,3.990095134175962
8mAFW0O5,4.102824782159296
h1q6dJaE,3.00962870373638
lzbf64tR,2.9804338231221483
fbFrvuMy,5.37794536570087
YL9uPlKQ,4.075226664534203
3fmyxTPW,5.132714377627417
TRiWtzmH,3.8303018410597005
ea5vKYbg,3.061656653048849
ev4J9Znk,3.0063653167206956
JlzBWAiQ,6.948291883848289
02r3NCOn,3.83646027729701
5yzDhIG9,2.01455291815289
uFov7HMj,2.1003603270987243
Mdbf7phC,4.501437096149166
XEqn72xH,4.996629902063778
yOpjAIEd,3.999097987021114
csKGjRnZ,3.9459700197763596
sLmqi4MF,3.8291282569724716
n4x93S0A,4.080257967044836
cjLbHRd2,2.099333800692693
5yBodArn,2.9938440838673523
2RJg5kn1,6.813417713791713
yF85wofa,2.952231684377366
WEzAFuQd,3.280604204504634
u8X70MTq,3.843491293289117
0BhesCpG,6.946289746467082
d5gMpF8s,2.591136682520137
qOXf7gQG,5.160939727349323
SHIy1VBR,4.189256693941062
AiDCWG4w,3.068283948818571
aVItZUgv,3.007124558856595
TEpU9c0h,3.961569381535228
pBvjka2l,3.192008304791634
fA9P6aYp,2.9970915255504944
ArLekHmw,4.019484822999457
dx9zDI1e,4.268875106597334
7K5V1qG4,3.9735577214567455
boG3WrF7,4.058693117962248
R2GBX9wI,5.117532389176777
XrOI6yVi,3.969307073251403
eclVvtOL,3.0429341209498304
GsXZT1Hu,4.144516004659235
SiyhPHu5,4.005577208130854
98yimZvV,4.0552912038866635
dx2tF06s,2.093178597100632
EYvnWRTh,4.046133899782697
KGhCX2oB,3.947360204314555
tldHprfI,4.168757638737597
x5hbDg1Y,3.99097250859777
RYdI3Cya,4.136261727860983
WNJweB4n,2.0292171087485986
OQoNfCxV,4.14144061245086
bjGUWPe1,2.9937197856132842
UtNC8AL1,6.955919228332635
YWLtgXcQ,3.221349872839055
Xd2xPqn7,2.0140435315459126
LVC04ANW,2.1212145627493735
LJ8AaeO6,2.5476654469792264
GZvLNXSI,3.922357712997182
naiN5fbQ,6.796146825196338
KMi2kNm4,3.0129937293066176
sWr8Zvl2,3.6884628815925673
5wsJPzrh,2.7061327371062363
DZpvzFb2,3.6971110118794597
RKNUVDeX,4.930834529940039
6N5XgjhW,3.395707799165975
OX9beHvY,3.6784791024663717
buWisBrV,2.9964869015791917
7of35Qmn,3.1827087019837927
9N5UQmr2,3.9942332164825354
Iap5Fkeq,3.019686736864096
pukYiMEN,3.989049800368148
Z2Sf803X,4.108879571331199
taWmpYMU,6.319433035636321
kHWwU7nd,3.1712034081864204
kqSXD47h,3.172160360196649
pQeSBWNw,2.319773127155058
pOQhoCkw,6.843049659289681
pPZKThN5,3.3596134808388705
uLfYIlD6,4.111667132476105
c2zkC7AD,4.393880883818492
gUMoeSmx,2.0242421264545194
m0GrH6Qu,3.1989489952041184
XpThrgWz,6.920107343696292
K7NB9DTQ,2.8056623648150714
YujpNm58,2.0587153343568203
0GRH81Ev,3.9971275319658885
vyZBw8WL,3.975867955367285
uGBiYKVX,2.972417173189097
jmOu8DPN,3.301194415592763
0Zp6G1zs,2.0282843533579493
VLvsAB8F,3.069597614982304
FcMpiv4n,3.367422299382961
erSItOf1,4.1205956902079555
4QXUpDVk,4.096046888253623
f6tXCglR,3.9468663793033194
sVtrXnpY,3.9746796409846867
VKaq96EM,2.1569458502410273
D6dw8UaW,4.2182948179058855
uby8XZgs,3.9913140529881646
OAx5qNTG,3.4792158990592
PFyoJOdT,3.5024223330337554
1rhsHvSO,3.2005978104566744
oaEKXJ4f,5.887678940758342
mOZfMR50,5.724667473817244
xHe0nRLq,2.0259651844381006
B1KLFaCp,2.713002470817883
9xI2MwDG,3.1894562735804355
nMOl7Js2,6.964181102504918
pblEtqOz,4.085972428914684
IMyaU8WK,4.03250724232061
MyJTuOUe,6.489652106641442
IWFw1sHo,2.447957652562909
65cdV1b4,3.4198420923206867
qlXUI5Hh,2.025102552905264
S2UGg4IN,2.2118599124208407
9pK6zYu4,3.955665327318711
K0fpXvQA,4.277014698661951
gNWqte1i,6.890354379713244
HFnQZu5t,4.017591729965129
KlVa4s2d,2.972675246926083
oGWwB125,2.010486627033809
dY9xXJIf,3.046998479058966
KIfDXFN7,3.38083447990939
M5La7dTH,2.0318786545793954
yat5IxlF,2.056296891853344
7cHqVYEa,5.590718736479885
XTUm4pk9,3.903391137631843
pfsIehvA,2.6072395897519898
kixnBarj,3.140168485876056
j4AbTcna,2.6693655190478607
BtifD0PE,5.165540820877068
R0viFJGM,4.1885839323666
MeCwnSEy,5.378735431309906
prnh2i4F,2.7968544853327697
ErwHC7f5,2.889836540752731
rNI1anAU,3.147050039308087
QD3LgpiB,4.144165204886667
9caYEKud,4.078599916515814
4caw69d8,3.666909919721074
jrqAldxh,4.002548511529598
vb159dek,3.7927808860572987
RpzD1ZHg,2.0409298458878764
iGfhc9Nk,3.001684064320552
RS9fIzCG,2.888587246158422
GPWkxtag,4.330480091547505
4B8JY9sm,2.9415108012797284
b2O1WTqZ,4.064520390195804
rOt4IsbF,3.937593490795634
ZO4tqAE2,2.2687127253843937
WDvz8Caq,4.023847283576197
ajgx0Fht,2.6174274745082218
LvQq7FZE,3.9921584699046258
e8OpGTLl,3.0895365509821566
hZ8qSVrc,3.718214106837695
XABOH41b,4.027798826390244
iofzl16n,3.963236314136848
ZYdt4igv,2.37798998532613
BRUx6jSV,3.525411596190243
KVW6gpm0,2.014081933578363
x6SfnMrI,4.216519943347085
R93zSUNI,2.416691217084299
9KyDL5HJ,2.0143838159340115
AdDZ3TaQ,2.0644875201302058
rxGSm1Cw,2.7328926471823065
xEMCuJg1,3.9922567597865686
MN7V0SaA,3.869440206754225
gbluswdc,4.026893094041964
ZJAeF7bT,2.990821421902801
Dvpu59lP,3.129136664876278
oZ17Eqdc,2.963497659568675
CUNu4nQy,3.980819243838414
obgEa68r,2.093527657133727
OLpr4u5v,3.269873563020956
LetmgyG8,3.640302673878614
Rba6Ipqo,3.9938993132710268
8gj6d5tP,6.91729993441375
owkGm6SJ,5.842259515859187
M7UipCyV,3.7487222722754807
OP8fD7cx,2.2191296261711977
exUJsrAp,4.936273936180369
pndgP9cz,3.839779101691092
N1MwKcgS,4.329327352747496
36HRe2yU,3.5164689460722727
7JqzXnV5,3.9942580590333954
eOBlz6Tx,2.0384324670979916
mCQudEx8,4.01601237742274
hB3slnQ9,3.6754785570292734
J9rKe3RY,3.939204945419479
YaHUr12R,3.9696016232333795
RDQqK9yi,3.296512872340391
ZezgDxoy,2.922247893367321
rLdTfPZW,2.1977162626045175
7Ikq32Hf,4.219347910493252
FNEceJ9a,6.881362786611424
1kHrP68J,5.445817954551457
icERW2QO,6.9698249857934655
JRPqaNtd,5.754168327665829
sN59jCiY,4.748520670747967
PhfGVOi1,3.0566554855875436
NXs6SuIC,5.5349296702753055
0ESY7mwz,4.00802535504197
3zNAKol6,3.0009289340357648
kyERJ2DY,6.9683853085538345
iuZelR5S,4.011758343188411
FuMcY6pP,4.151857011353059
w74LHVxm,4.5964216704007415
MRboJDF8,3.931631678322592
6MgFcdfH,6.404821409111245
YoPSEiU8,2.734787181763604
VAMTCleY,4.002420175813113
TOAlPEv1,2.050402479899394
kzAVvWMJ,4.989771936067482
ViwUTzIF,3.6812969991200943
Wz7NcZK8,6.972671878419346
a7BQlZNJ,4.0207256680322345
dobCW3qh,3.0155943771783495
T9rKfZdD,6.04111339203897
f4hGKnd5,4.116605475316756
b4SQJ9BX,5.470061663917295
SC0Wix53,3.9778847825193226
Acy8qgvn,3.325485533564206
KiXArfSd,4.002455730222282
rHZRGaId,2.15775215945745
WTKt7cEh,3.9579489941148496
gLIZuaNz,2.0307564744164575
vOWpCrwy,4.740699798978167
4wmTpFl0,3.8834711453481576
roxOB1Xu,2.7620418255956607
M6TS2wWk,3.8782912142839714
BTKVM3E2,2.945891876714231
yR7K6zEY,6.469350189496781
oKq8mJHM,2.0947431005140964
eLjsH7nB,2.610616684401175
d016vgrl,2.5620963054280947
djE02hPR,4.089037199150771
8fQgm7ud,3.0558103374729404
lFgoc4mj,2.107807052573753
MXAWTo8k,3.843692724690773
U9GtyrEq,6.929090449394136
TQtsOIBw,4.245072281362956
fc6Sygdz,3.78259608119748
oTVAnOet,3.885181907693041
UgbGpWxc,3.436733472627966
5jsYSO8F,4.246898656148114
0HjL4BqP,5.844316105035032
ubHwgqZI,2.028620487938206
dVaEWmx4,2.029594659242248
p8kh7HJr,4.151041155029962
I5qzUEXt,3.8641907060667293
j7dnxK2y,4.578990686195903
CeaDAJ0S,3.7516604368644773
imWIhPfs,3.947497608016711
tgQXGFZ4,2.3390931363661367
jqbmv2hf,2.9304086858415395
fw6mA7Bo,2.0357831664518016
KMmbpx9G,2.0191289114790925
RN0OjFAg,4.28034163247532
f2MbmagJ,4.8732959437067604
CJSNEk9O,2.0551285372340313
JjeMNFkH,3.7340243921884393
V9i7zI8m,4.002213596897654
E3cjhwb7,3.1104905723928824
kmz5wNeq,3.9207114735891806
N6JPTt0j,3.622169991315168
WcrhJO2d,6.94174695054011
UtyIPKqV,6.899117225852079
DNcWalds,4.6064476559462495
Qqd4EBW8,4.488052035511937
FT5yW2oZ,4.252672567479749
M1BwZP4T,6.415895110334385
7UkXiHqx,4.0510915244223
hmCu5HcV,3.360146691806149
I2Xw5pKn,3.936395580316603
HkeW89SD,3.2809710441145574
MsfLTEI1,2.029847507565428
aX5QGqrH,3.6651345691079045
EsLHVp1T,2.9623624441685523
l4zbjwkQ,2.2400971079245204
egTwlvhB,6.8239217980572535
k0djUVzA,2.022384799720003
dcbtmA1a,6.137957679427927
Oz9v6V5Y,4.035358132460715
i2qUNuyp,2.010707221304513
REg4mis6,2.0682770952302962
TbUX4LIW,4.522611745731555
PtZvkWxH,5.051291715913976
0fjE7lCv,3.2387781912257196
7ScQypUd,3.9014471679565035
6WVfUpCX,4.361464738517607
4esHErzn,3.896024906011262
peLqk1I2,2.113214789084595
PUIZdJwq,4.042185394148545
xacOp5zJ,3.1464494718116476
16OSYFld,4.000912556918829
7fYEtdy4,3.13371085243305
tWwFupJx,4.901318370965892
yvNQEBHT,3.9836273656020422
Vpy7u0Uq,2.964673597544352
0ijdkDXF,4.420047155378851
2CeXJzq4,4.463690799002107
pQSbsJcr,4.005203054482999
CbZ17GVq,2.0304305334468156
DfUI4tny,3.9927329912529155
65Ioaprl,2.5495907586070823
283mKynl,5.9891111957730025
xc8mZAyr,3.0118052072533468
MiryLvz8,4.544779775463685
1y2LTcZd,2.2569168871097647
ZNPlW8Kt,3.996045671011885
7Z84xXEt,3.6816146356501847
W4ahGCkZ,4.576461034100502
lfJETzi4,3.241028807039838
q0m86rSo,3.969806261463874
kBpuTJZb,3.9611857840889932
Og5skWNm,2.9407781855363284
IXnbT3KG,2.3073609860993747
4wdElV2g,5.50145911868196
5qPDMoFa,6.009969083251636
SuIwOMci,2.079791663584256
JMh1fe4k,2.0345171277777263
Rp59LAob,4.930047046877879
Dvpa6C7e,2.033131441857404
N8gBDRP3,3.916655475483212
V3wiGKzd,3.092099537889299
3IeBRYCx,2.0132833086689423
wLapR6oJ,3.1242933883791926
R05Z6hQm,6.943453456209973
2b0mY59u,6.9234694076653795
lj0kOIBC,6.0767717868619915
28KBsFfY,3.7159151586005463
lCS84edZ,4.05151220569569
D84xQnVu,5.056169137012621
VL1ZMtbX,2.996179332681777
x7yMTAls,4.018012098456092
iPWIN8oU,2.457731790380785
9kvAaDtY,5.7591476413812055
IA3vZUGx,5.738602059816603
5iARqtsQ,6.971697797605012
lxiku2fn,4.022041858461659
ALVeSbic,2.020139191098133
GF75ErAc,2.104478478783149
P19YhWMR,4.470548379757092
l4gNti6m,2.8093602138226563
wQHuPIUE,2.9032894197787393
Od9Njrp0,2.99830729305524
KrTnH3Qu,3.423424495032523
hpiUmDQ7,4.010964752117798
dv9H6UjZ,2.314222540763149
goHmZxYB,4.808546213718946
02QNbFW3,3.001618639227945
JQAXql50,3.837068925502244
9ogZs3di,2.7554052719297757
GaNoxbjt,2.047612947729013
Z6X2qvRQ,2.010833195370954
WAvCUJNu,3.147819749751361
g6VieFmA,3.874247713482473
giYKWu2h,2.023396778487805
z65qbiXw,3.920148792732507
NP8Fgvm2,5.776040509409941
8F3tga4v,2.031497424937624
ElftGgiP,3.008177072614053
SRaMj2dc,4.993296464387241
5eNAsw42,2.871433559677244
bsjOkFB7,4.049044441539953
pxcNUlYu,2.0258382290555166
rW9G1MtJ,3.8031728582136566
oKVHBWxG,5.253345314286999
bncJ6xe0,2.0298276785376945
H9UoNrdb,2.007275958363033
aoTQcB7g,3.9992522143745246
rTnujPKo,3.30521917324164
JxbZCM2R,3.4407727537830946
EfDNvXds,4.154564335959148
iAB8TP25,3.0124986720910245
SKAEC3RQ,4.791610977719246
IX8KlCMo,2.0222329057645405
h9FWqIny,4.022831492184413
t70JX3ND,2.9898521779976734
tVsYKDuI,4.01878975671767
MemTRnLj,6.955270025493664
fe69SVwu,6.201547080577584
uVgzn9ra,5.4553009013916025
tgQMHsSp,4.125551479289715
ZhIel8sf,6.97511602765182
ZDWREh1P,6.952172435456743
YVrjv2Sy,2.2151064042244073
CHX1Zmcv,4.038245886353543
GCWRSDZU,4.002501485277099
wIcrFBGu,2.045373704155136
GUKIxOhl,3.0009116607801842
05fShdVk,2.9622286911623408
ENftwO73,4.0191761269409465
36MW0dvD,3.662635241016978
N16SdRtl,5.134056697878987
HJjuObsD,3.9894761933905825
NmlBjShL,3.664026783656591
3WBwx5HA,2.9343972566153385
ORDWbL4V,3.896739463889208
k5teXFQo,3.424364107255825
gpuXb6Pw,3.0143619473863237
RgPjp94v,3.657735764643294
hy4s1vPF,3.9455611526737457
bCX4hGs3,3.8506364616088105
TB7VDRW5,3.001505121537266
FnQ0XWNV,6.823394212946878
t6ox4C9Q,3.5230495484807762
RerxuJAK,2.051204154086008
cs9lv2AC,4.364559988846303
5o9wyTfK,3.9862663587272893
H6vA1jCk,6.962188721153071
9zXuApPe,4.025657492920936
b9qQiu8U,3.8070094565012553
V0Ps8zM3,2.0556490045867397
oYOAqbth,3.9166649665748268
jcoG9nNe,2.194279732376708
b8fMqirk,2.520467183635337
YPISOfvM,4.014677080854891
xOSZkyt9,5.104023497971248
r4Ghvojz,3.0292370044335257
1vMtoPa6,2.957436651640528
eGuoRZ8x,6.946524278999865
pXa0AbgM,3.9660851653873395
HU1vwqg9,2.0206655760802383
T5W4zF3R,3.0800017622305313
ALUrIvRQ,2.0536752293872813
jNUYJ1rR,3.0274216850193625
txAlVfY4,2.893662005718797
mZfPrWhd,4.000824299963297
xAzwo72l,3.666660304700199
0jxdE74J,4.152480182804939
uiLzpDZ6,3.9194508820502234
B9rOaQH7,2.0386338355746263
BoPcxdOi,6.893518485990353
Fd5xsn7E,4.917133443001076
Yn7KhAgS,2.8051107111466997
jRJwBVO0,3.37386914396775
TKgFJE07,3.920321508811898
Jp2LjfQn,2.029979857042272
wQ0U8KPO,2.5348463926487605
sqISgiVE,2.023574388165434
7JjH3Zcu,4.0141446871695186
BpvEfw6Z,2.0252190067007727
h6PsdwuS,4.057279216359129
ULCBu17K,2.5445736827338985
jDoIHgbK,4.042299364581268
TFf7MkGj,3.9711654116584674
lr5Hmiq6,2.2061628956447388
EfkOGSpJ,4.071004988195272
aqVhTeJB,3.316518983906936
MEAWelsk,6.938555052312148
VAQwU30e,3.9561388617473496
47LojPYg,4.966546403422399
ekPT23b0,3.740090828072571
PksQfXh1,3.9915166992624287
29Bd5rOS,3.2342152983584675
7hJxdnoi,2.945910740486579
kndgbI4v,3.261568054682576
DOrj1GVz,4.096450017252065
4MBmlzyx,4.000387406450456
JVgLtP34,6.948057691677532
3hfPVX17,3.8326551595011553
s6IfPkdM,5.308868386844406
mhFxi2Vc,2.0998778560502975
vI2BTWQP,3.939521834072257
fUy54etY,4.343890872502525
eWtx9Kc8,4.052545811592104
ia5gUTbP,6.717828374541277
gZoNyAGB,4.083306404253308
CV92qJb8,4.007500983501669
Gtme6lEQ,4.797015025709117
dRPJhLN4,3.2709113987360587
J7ZEbosO,3.268772864255588
RY7sOqCg,6.91342603242083
SL03QC2h,3.993084784283547
1ESgRlTV,4.236886125997989
ZFw9p54a,2.022526374885092
KOrJxDbR,6.93824705364761
8a720hDR,2.9903434254032346
x1iyAL02,3.120136531350727
LXyBVGO6,6.961704809232323
rNjOqalK,3.1543716830142143
WSkDPVd7,3.164267151078093
UW96wi1L,3.2047729108019842
vIVHgSl5,6.97523109629722
xF9tI3h1,4.010800934713989
Xw1tyDRJ,6.905947753783403
p8KR2CYx,3.0692442991405544
KG04wxEI,4.037580312092177
9WrsFf8d,3.5935060996562243
FHGlRUVY,4.047918373906249
TSAZp1PG,4.541300674721715
v12btmNS,4.007633928424038
iaLBez3l,6.1923857544572085
yD2WFf0Y,4.050850752115876
fHlWhpJK,3.617319321492732
QJ7vPHmw,3.973915025202441
7xMeh8ws,3.0355041979014645
XqMFV0S5,3.9849231804840377
rOsaRuBQ,3.038000358228892
Co6cUPfr,2.0262383880761625
G3geqJLM,2.062954498765575
uO803vDh,3.9492286301141846
LVvUh97o,3.8983979467683
ME7kxfC1,6.824166209460236
p3l4zFCs,3.062288201915508
ikCHZmsj,2.1912405705545828
YvCpysGD,4.041655528643168
JBZWld10,6.954742318216232
4oXLvYzq,3.0378896001834077
4XxvcU7b,3.132273848040204
9PTSgiB5,3.365378188451577
wKMbD0Iu,2.0210836108226977
aF0xVU17,3.9536474191678272
w0bvVpGP,6.809303617274045
gYhjsJW5,6.947426295527694
HSvkAOKw,3.053130007083346
jVcWt8Qf,4.441472284918417
3E5KNtqH,3.9813631961990175
5jpisYyC,2.282763702212251
QKTNa0id,3.9966151167529818
FNBpylCh,2.240708233105179
vikYIpLE,4.013412453362844
mv9sK6n2,2.3265198720386246
N1EYewRy,3.1678948623884935
GJ9fMILW,4.335625182438525
ZnRKSWNx,5.713222554950042
5dVa2sRg,3.884019748090141
xZ8dHiSQ,2.0348729996487234
UACdfRNj,4.0022652889412065
TzGg2BEt,2.5843896526961543
rsFqximd,4.64607207038789
I1uLGpU9,6.151079499697954
GA8KXd3x,3.9684280924489577
Ht9YpAxf,4.043428068907233
XdmhRSy8,3.1410633180735745
euMyWZFL,3.8673772592266324
IFvanhGy,2.6214996450001484
H1ANiRSM,2.811007685074219
VWeJA0Tr,2.0250468131846353
56iGRSZc,2.977649743609403
tw2CkTj8,3.508555655957898
gheEPUuy,2.0195872487079947
8h6sxNZa,2.0223905821361408
voy46ZmO,2.138784571139695
WBxeQ3Dk,3.325570619869395
BHg4VyZO,3.9952861066677
aHGrTuMj,2.9270713591817823
mFgyNLsS,2.009843598618809
7lyZUzX6,3.9825340305691137
1anb4D2R,6.898809932731528
s5xyv6OB,3.9809303795962023
FZV3cw4j,2.995185206428605
YNVrzqDf,2.3219828037455774
TnUXKe29,3.2974868516992957
4Za7r2c8,3.9387220328318655
TdE2N8h3,3.2125553491659224
nJFM5yx2,3.9864218420480215
agK7mhJY,4.932450927778409
kfeQOd0E,5.000040422295351
UmKVxWAJ,2.0127724488049874
gvtxm0Gq,6.904897888606646
GSfklKyH,3.0000461911808816
7RpfeOWH,6.720907992256471
RL8DYjp5,2.831899942997697
NQ6r5iPq,3.9336467934514174
MymaxB0b,5.977501491017174
vOAp5ufz,3.420156954802369
L0pVInju,5.179995962572721
B5RQpdlT,6.656729780800523
c7j0qhDL,2.028527260272531
IGnYUeqZ,3.535572639742168
lisZPdy8,4.0602094490192755
1IitTX6L,3.2671228268565025
TUVP40DX,3.0204923145166687
ACjRtu9T,6.973156586899714
y9zBvDti,3.953917554053678
GldF7xHp,4.103723148112185
Howgi2UA,3.961791364033124
eIaVNhZE,2.025943604588356
GNKEYqi6,4.001952710501929
oB7YXcsd,4.027213436919446
JOLqVfEF,3.0978389343844897
L26a4rvJ,3.199976750653004
w1y3iVXW,3.854828854491352
sFPOhrNL,4.9437669140336045
07srh62p,6.40482779129583
1g0r4OS9,6.91166731205958
YSrn3mQ6,2.9595880920856343
wOYSezJv,3.93223673527892
HAGz1qFN,2.195137815750786
nO6KSTvj,2.214907195029955
QFwAl3L2,3.189625470828105
gDIiXbnp,4.257787833113108
KHPVJeg5,3.977540840927395
Vym9Lvfc,5.24379000316665
aS6dUlLN,3.9204968369152633
b75CdZXB,5.539773488825303
TidvjJAm,2.006644791874065
fo92HOeV,2.3958305758909586
SMgtqRJm,6.9260759840408905
o6Wr9LUq,4.0466071656920395
qTmVkEi3,2.046111442576766
cFpb3ne2,2.6510879827168385
bueOnMP7,4.005874129465409
ygExOF4d,3.1341220376803545
qri5Gc3d,3.786344467464951
7CDmNhF4,3.924709453476244
ucEsbh6L,3.716177654008497
Gvfuxpt1,3.3546075526667116
MfHkt3J1,4.0128920181041945
NGwTkBSb,4.014745463829312
oSXBVJdq,2.0224537908495037
1my2sb4Y,3.9845522565943154
n85du9yA,5.090233961203557
TEafjbQs,2.987657622183751
8BGTHEIA,3.2238381781330103
AqCBDMfK,3.0797993075102563
jFeJSa3H,2.0574260626441907
T5l7owkq,2.9753760336820783
veJ5zO3P,4.232789767312352
rxMO0Twb,3.981254869548502
NEvwkTtH,5.112147208261159
yI0HXzaC,3.36884207158234
QZhGIVzY,6.8824942653519425
ZzBlKxvg,4.000744801701639
TEyBtqm9,6.954511251942803
TnSiNvsL,3.0448008449142208
lRSGgHOt,3.7833962721221184
9lQB7gS2,3.190405550318265
vGZlOHIj,3.9732319644016387
Dvi5hUWj,4.014618500958149
fhGpJsj4,3.7038820271124138
kMc0Bwx1,4.00212193334153
g2PQHaGD,4.018448547315819
dl2o0aJU,3.3196998446856747
kGmMfEcK,3.0516475352746784
mWQwz5JE,2.930430909071947
kRvPHjKp,3.9930883532827286
eMvXPDqk,3.975935576411439
KA1qQgI9,4.0387256101033575
wCo1f3bj,4.077082194711874
QRCzovKp,3.9839061695685087
t0uyNlAJ,2.029916959007969
1GwhJc06,4.002904766262691
1ZeEcwQs,4.239292133954441
xoIqHRFb,5.240410601559052
bn8rw0V3,2.9934270271948664
VUhAtdZL,3.937631423152124
xsrKBdM8,3.353935267780326
qipLl30T,4.301415261671645
lfnJrUTy,2.8594912778907746
kFQTN5gO,3.1602278949493483
LPwOYVDp,3.198152738828212
1pEeS4t5,3.777605691786447
WczxXZy9,3.0000585281747045
qxympPQA,6.953713199181367
L1U7r52k,3.624207437769801
rUZG5x1q,3.9979331834780845
BmV3uSkc,2.607560512027557
RiDwXMb7,3.89176971847708
hy85zXnp,3.8857741845652027
lyxcdY4C,6.7678071359957865
CNDRh3EH,4.71518342176998
4RxQyT3Z,2.6295152084407167
RMEv2wQO,2.036459511447629
8kI9B31X,6.175893150282209
7RFtZLGM,4.158842879749718
H9S1ZD8p,3.6730205683293753
T8IMBYqr,3.9821078556952125
OjZzxpd9,4.4767195800598705
vVKkI6Dt,4.088372057098659
RCotO5Nv,2.0177751079416617
F53g9PLt,2.9010515262226635
GNRM0EZ1,3.835185823692009
mkBiToYU,4.251540021704859
Sq0znCOG,5.829321852169233
aTqhVWvL,6.866679564640218
hYJX1bvo,6.460860176308124
mSMXvilN,2.392669446716318
ADjzJr1C,2.026350597487908
hEFkRLQr,4.4680580259618
rX7zUBlL,2.0561110320294023
ZgBosFRI,2.041088039716269
Q0YRcZfw,2.4779330162826225
pFwb3kNq,3.0130447975642167
ouRNBHKU,4.5447688690604995
8EAeZUqO,6.041155694813933
ZrsXjSHc,3.0833256991666715
hiqbcx7N,3.727908116898034
lsnykWEj,4.012208916411224
bO0LKYwg,3.751232516219479
w6H8VGuQ,2.880093391235569
d6lN5LAD,4.010212808021315
GbYNiDrz,6.9400391380463775
dMqbjt4Y,4.165720315786894
NLKsXFcb,3.5135409326211082
56jcEyPw,4.648879702324812
90J48jBd,3.921207451778701
03Wa4HYF,3.876264792717829
Sg7AtflT,3.997274390390976
8uMdHUsN,3.0769989124186394
ztsMbJe0,4.111922354292619
8G3iFmst,4.022338208021319
VQMlJ3kT,2.6645852567291874
P8pe9ELk,2.0186519624912367
2Xu31VSt,3.115051746308454
YQUIuwEV,4.5019165552145575
PTFcXNHU,4.041923073732687
nlo9WBu6,4.141502772968378
igPT4Ozd,4.296455395785742
O213cLwa,3.033026772946323
BgopDjv5,2.980683037767874
OdjkwaBW,6.982706584614569
KePMFkST,3.100894645701847
8ujzkYpW,3.0061485665873624
wusrV0fl,4.696761778419313
64F9BMml,2.420911312646931
ZGt4nD3r,2.939050014955865
3BOl0JhY,2.0171221294555473
ei1jRaZu,3.9973294713839733
ohKrlW2S,2.9977904301291347
Hv4DKi1w,3.988993910120007
LvqjT8QX,6.580423836283154
Y9KHUrN8,4.412547222192806
SsZyIQJT,2.0252502914289425
oN1O4pEB,4.623543302464822
NEr2aMwj,5.750692261918448
ztg4lqnL,3.995617779010458
KxVULm5q,2.5160417999883795
jiVRwDlk,3.969332745963765
3LiA4uNZ,5.091892065949359
V53jzKa2,4.926814202091627
JI9ld7C4,3.745086841083321
NYifOelu,3.9307265869457475
oT3qPWUS,4.090467032488777
XYy9zWcV,4.001076009164445
U2pG4rqu,3.001897530715869
19kEyeJn,2.0900042785849657
eBWP1QIu,2.934738381687494
I8Y2Qx3f,6.938444857429968
7okPG8j4,3.987668386626119
HOYhkC9j,3.9790627810578734
qCmzM9uU,2.031890466719906
S1sUv7lY,3.759649966463403
McxBapsF,2.908429606517893
Je1hSTLX,3.6653667420055718
CEvjs5OA,2.950998477675676
qWZdRMhS,4.524653107144404
H7cfKFaX,4.0111133900911895
hBjt0apJ,3.843776902458049
yYiMHdZS,2.131915294498467
U8ADIrJ7,4.003568076004012
Ro9Jxvg3,3.0054200674075404
GaB4sAEI,4.010116461999833
5GrKZsL8,4.037040175950825
D1ktBdgR,5.331465169292642
umZRYpkE,6.936433319110566
mTD4fXjR,2.9748404408153055
Qj75xrso,4.398326225958298
GUc3oOmz,2.0305154887662407
HUalb1fG,6.846640045018285
GBCeOf1n,6.790343766545119
wKRYxsJz,2.0227396441492416
A4tEmUC8,4.342832283870084
veyScD2Y,3.9913166291794915
YtvPujhV,4.059645091370039
CpY25wMy,4.136304072694133
EnR86rD9,3.966831558100239
Fi7kSpPw,3.949563734229887
zHlbSeUt,3.95969884091508
1NjSoU7y,3.8969538935588206
ykAXFYec,4.798167406850262
1adscp3o,4.026121742380055
FrCBf1Zc,3.7683196634639176
HYxED0Km,4.421659034453333
NacJmiA0,4.1500087252947555
Od1KEsNy,3.255139630634222
5fJt3kvx,2.8076630291296167
iWr9veRS,5.183915574684798
Gdqn17og,2.958034917744135
TRS7NcDo,2.0584197880263675
rTNpU0zJ,2.754440293769003
UA9z6vt3,3.930016076382363
LYT0UG7g,3.6999072002884352
e9VMAihp,3.571740807613923
sIlR8eqS,2.270638125115438
WRCpTGfN,4.000822044883361
GfytarsQ,2.0671613969232565
YH9wSsTu,4.287199436993179
xVBlReUf,2.0274038820021816
sdlajTy3,5.079338607707359
gSDtreIv,4.080344039828378
cWU9HNQx,3.5585523373093744
z7GfNYZx,3.994575817041332
I1CALO53,6.940590021435637
v6K90GSe,4.5460368256433865
dcC9lvN2,3.7523970861594718
Fn4Q2ogi,2.061408935416112
4oxCWvHd,2.448379132217764
V1XDruNJ,4.86337485395692
iuFzgnQ2,3.0104819305249064
wjMpNH4u,4.196391459206934
pXZYdHae,2.2069200514760454
vyiL94pR,2.9397559812486724
NE82LmY1,4.040944670258468
riS2tcjm,3.7178426904388475
fJj6xSMQ,4.066578379629791
dmeZk9f2,6.507723861392297
ORnI7D2i,6.976277702555672
uq9DbZ35,6.9328241771255845
tPcMoimB,4.009310128567885
WMsvPUNx,2.1779944570884977
YSe8b5Mm,4.337005693566752
ApQsqSy3,3.016112841343202
C1sZfcqM,3.229129217742011
EHYigXDv,2.018533022764168
dxJ4bYi1,4.103266089985846
r9zmwEYn,3.9750637019418633
7NGBbOgi,3.5682001004897757
BYH0OvPV,4.048123507112322
7B9TQolg,4.375013835034333
QK45uaXH,4.063954948020619
AFMRewKq,3.018033478338439
nKLs3DMd,4.00659622008112
2CtdApWL,3.0607616908345157
kyV5n2zj,4.0326435860545455
0YwMVZhE,2.3611455762690454
iwvctaIj,4.002281916868032
iEnCgBY9,3.3200469706289004
lBSavY3t,4.005323320079634
NBQTqrw1,3.4538664469937794
JEQ9LD8d,2.0277892565275666
FYpLdOZJ,6.859416382836608
BofEqnPc,2.018536551480165
dfEZTSl5,6.90730256691575
SjBDiv51,4.014527040776329
lewIaKkH,4.0277647550721305
lGtmZfCU,3.6338697312102886
E57WgUc3,4.000839684206293
EoKyHAPM,4.184715386198368
dVxFoNur,3.8118083737260897
SvQrXuaP,2.0199273243933566
ec0RB2rJ,2.0557107540831203
G825pVIU,6.2426213288086005
b5FH0net,2.0578634787502055
vifeDjFJ,4.13564249946503
fatMUhsL,4.073021857135682
UXSaxJC3,2.323860920589941
EK4qtOGZ,2.09178518851757
WZE5MpKJ,2.047478337735738
lrhd4eFO,3.9331604787660766
XsS0HVFY,4.044435803842644
0Y5uSP6C,2.99902722953946
ltcdHKYR,3.083950873410486
xs0Drgda,3.8918199203944823
ZjNaGtLA,5.316458949836343
Oe09xvkf,3.180419245047378
QO8NkdGc,4.074847749483434
UyZGmBt5,2.016903059503459
EdjpuSCO,4.174353082199705
wTS2jms6,4.532030669734814
d3KGhI52,6.970834650379038
RlU8TCIb,3.9937891094942826
OCMu3AlF,4.119753923070384
4C8t6ERA,4.038278436910405
SCPkNz13,3.7594137210969345
cDFqzIuy,3.204922248121729
ry0X6kae,6.931613694578918
jEnB7ogH,6.974300878319736
5iaZEqhF,6.920538423158578
xBQkwGHa,3.4408209388237445
jzrL8oU4,3.910499439322739
Ndo2VrJl,3.018983963723731
5oQJ37TH,4.035403648093052
FQjfGO47,3.416387129708892
FIYje4XQ,2.8764652249422853
xKZJontH,2.974436866389201
woaE8VkF,2.013506714888499
ICnJe6hZ,2.582358973305672
ZkWo8Xhw,6.942564812010387
KIrkcANO,3.829521031393669
K5YPm97Z,6.98610317782092
MHBXw4QS,6.950192159186409
BGc56Qrv,2.7657158035013705
SpBH8q0F,3.11100881209597
4qiSchx7,3.345422892576316
70V6igj1,2.0839824350956766
e7W9Q2jz,2.0239236699380854
ZGI4TVCu,3.8936339938078888
42wH91n3,2.508608458508971
Cam6BqGs,3.0244961667624013
7paFqTzv,2.017478307962742
osJV9XUD,5.155671039619484
PENafCh2,2.025957430340204
1ABFc9Pd,6.917572439789619
ZrxU21lJ,2.016567182794861
kBy7ng25,4.020180658527815
EgA9SZz4,2.11799305251825
fLuD5Hmr,3.742760590726975
JMz6oTwU,2.027153860747931
OAEBRufe,2.9387970162721473
9cl0PMRz,2.014243001379259
sdT7Yk10,4.208918471757206
J6Mzp1AZ,3.932044868919438
plqw1gCb,2.9577619844932634
SrgLwCmR,4.016802988963504
dEyY0lqZ,3.3847372843520858
xMi263eH,3.1842857044724227
CeJYi6nq,2.0541051018326746
wuQd9HKL,6.78522772887649
X0d3GqN5,2.0172054589654724
QMWif2oR,2.8434602039736276
G8rcqgbH,2.9864035614577737
TpSHeQ1r,4.184146971119626
57ew02p9,2.012548176235359
GdryNVqx,3.98358192979932
cNTt1mC4,4.29404785531573
EFJbU6lr,4.005832275269909
8QtCnJId,2.624773646784306
ArTuJhFv,4.09741664163128
MWEVXG3J,4.07548949764954
W5K0AGtT,2.010846043716979
Sq5we9z0,6.870593346053066
DmA8SzOv,2.8850748385881886
0NJgEvMB,2.1019463637773876
5UtxLIqu,4.021504858193585
o7aFyCdp,3.9318952478480056
lnKaEMwe,2.026498339574755
SYvGuX0H,2.9890884034956984
G5gTUwVu,3.5807329711585774
3z69sobp,3.8942500310798644
nNsZY1ji,2.1076782029462633
qFzHfBTu,5.753478254073707
gPJ97YpD,3.5283059200609572
71OGcJCQ,6.837779291401967
6ibPDan9,6.893869934701155
MriXKmhQ,3.2176560677029196
LWaK2XB3,6.930341726179466
USPG0tep,4.038947444050282
pnwdzT9G,6.525033208194509
dGpWIJkw,3.7294511932134626
GWThOy7P,4.390815872106178
baIJW7Tq,2.0356695723861233
bjmHSzs3,5.090598642725962
vOyYwscb,3.7342202106892364
aMHPYLIJ,2.027620664097185
Z3AiCvYG,6.921817717826016
igmIBT38,4.010762029003227
ZvJjlqWS,5.9032446902175435
K9EWhfti,3.888959010813269
1qT2CMi4,6.641316411719599
TRLOikxh,6.845014022086981
lgfTq0WR,3.163030080831959
hMmKNuBq,3.93951686797307
dMFa745Y,2.0321185011058285
pRVO9SmL,6.137450920711563
5v0RlYe7,2.9725550089759047
KluIBE1g,2.16273751098197
ajLf0tZq,4.123567926780089
WLMplVsR,3.926917756632902
ywTIXmj9,3.870240149993151
TQiOqwB9,4.008953350041239
Hnh8YliS,3.63637578893744
FMUsBjdg,3.961281113232544
s9dKF6uE,2.9613048770594106
xn4PLr9a,6.915766222767415
NfvdGmeq,4.060354486141878
KBUMT358,2.998875023634792
WQga27kS,5.304057656983932
HRdnZwcX,2.0279602065154174
iqEub8LO,2.9935527490157985
DVjxgMkd,6.078519285244402
faTVnFmW,2.9399790827442303
vJp1KXW7,3.0390719376630067
g3GVFSvw,6.181641496896919
6XcgySFR,4.112000354630363
FHwtEaNm,4.314812980826282
eJwaFK8r,3.2282073757177203
itujJHgs,4.0128716899352135
PiW0YOUK,3.9960776002903002
M3VqQB54,5.885458937283256
ya7u8sMA,4.000495882069936
sYc8Dt56,4.024283531470646
yeFb9iPW,5.041060926814098
3YNprHX4,2.9032513351719538
095Yvbxz,3.9968478068205875
FyOYtJ4V,4.120530783265131
pqvO5P7N,4.127725426048856
DMGsqbxj,4.277634594520786
FirnfbC0,5.9855397423647805
YbSkdErW,4.011053903077413
uFicPlCZ,6.79226043008035
yeSbtLY5,4.202778905916494
kEvtHwzL,3.96074402618673
cHNvqp0C,6.9565762518224075
EZew8YXW,4.0614581125507545
vQhM2JDV,2.9997669237215447
zpqPMFsR,3.5421554388207737
AzbX3ZFn,2.015635100702493
10kQj7if,3.909669588907272
QRE3eG5x,3.720734576393151
G3n6JE8A,3.7418603078275914
R8hYZmUl,4.070991536973452
bhc2fuKl,6.939792499820834
blMiKsSv,2.0831478507234715
iDsI7yeL,4.000768353134833
wfs83qEC,2.9943239004946007
HLJScg4Z,6.9654084331696495
hwlkt2BZ,6.948428384787258
m571zqCP,3.384052047680016
VHvfQFPi,4.051490680592833
ihlbf0Bk,3.263587145554775
k7T8JbL4,4.620666531302558
5C6D9EyP,3.6397470128514398
80LMbX92,4.084868563755736
84Mihx92,4.300492005236448
1aBpYQLR,6.87051956473667
345Htksu,2.0133083934665885
EtgpRra2,2.7341301440876853
tSd1cF3o,3.944579768794938
ikvnlrwG,2.9953637802616186
SXlmcK5L,2.0241488048175595
xyE5MUDV,2.977038962507213
wfGRV1im,4.012588869900583
3NTUKnek,4.008322454304726
kjHmw142,3.9763869331860042
ALyJdZS3,6.970402613919414
JG2rnAgW,6.928162776123209
2GQPIci7,4.200553245884366
41woZNqE,4.023771280260346
2zQMehTs,2.9886654367143635
ow9zBT2c,2.9728713953173864
1ZcTosvV,3.8859715005010367
BDEb8nAT,3.035443653351108
lbZA0aWM,2.0345456965047926
VgTGtzFR,4.246152684629488
VJHzCwp4,2.9410519384685907
oGFXwban,6.743363490552873
oeh6Vwvu,3.167728345198266
yVkBtPUZ,4.013647533437561
AQ5IHuf3,3.456863237820799
dLrIM6UO,3.170184123322397
18QOGs7F,3.6485022012181254
YoVK3ITM,3.9596905091106054
KuwTZHxG,4.010970739948753
CBQgIWN8,4.255194440245395
DsaCkKP1,3.5967286962154317
kz9cdCPQ,6.932814447516575
Rdh8ZJjr,3.5504410570208536
r1QlykZY,3.007013771436068
dJm6GEZg,4.6047684551321435
zt5g1j4Q,6.7936385365616285
wFR9PLUN,3.971891721764037
eh9C4RAs,4.000769707288237
Ib4v7TrF,4.402093382451566
Hgb17qan,4.05117844022243
zhOcCl53,3.082959909747769
CUDfZ1t9,3.9420468136467393
Nehdml9n,2.71381672224823
0WozDxGb,2.3210984179831575
3nBjFLco,6.953694269245825
nZ2dPRJx,2.9883664608403344
yTtuCrsd,3.9845657263262537
zCMfyKW5,2.9158114198706606
JBCmyq3o,3.924511985590216
1UoGRIZu,3.688060214055004
vwWuTAOU,3.143401220630185
fhnPg8KX,2.68970399043872
k9GYnSTc,2.317543140528651
ilETJYZ1,4.4880494008969976
l6d0RHM5,2.6075575502686843
ckQxPogF,3.0350586198622476
cYpK8LaH,6.9773664909623845
3lWJaomS,2.0157684223991854
zoXSKZRj,2.0570552014859738
Z0Q5Up6N,2.049072706154493
akboEKhj,3.2445801961478713
A7SQUIln,4.090177286833568
ZuIwacrW,4.016680524489047
9y8rxwbv,6.9561065484606655
WLB2psVb,3.090427911281695
0TiYsL8a,5.987363687448416
NzrYFk29,4.00296128871516
6eXB47ov,3.044480245509839
uxrlFGaJ,4.080005641286844
kD0tycT8,2.0390363764690758
9vs6PGyI,3.4773886040601063
pwC9GP4m,4.189193724319457
RKAJWCF4,3.473351249669213
2dfIxX9V,3.00433256427259
G0dNzqnJ,2.638692362655711
Ch1Z2KpD,3.963935124974846
h4wpKQOL,6.873590009573382
JyWYMO6k,3.1968917470431184
6WslLinY,2.3553955723809485
Qd94hSfo,4.142840514096898
bpOX8Grz,5.393708436049837
bzLxTviR,3.9768916202918994
Hz4VRYNk,3.9967748771910556
Syzl7uTC,3.9487284444024775
GzmSvQIK,4.486652651927434
MpJPEuf6,2.844202245779161
6Rh2rBXA,6.685720981553023
uSZy7dzH,2.012756708457273
ldVSF51L,4.024627254640218
JUWiAvBo,6.900894855959888
GW9NBVLe,5.301156332662832
lbYa908M,3.979452574349998
ENQ3JaIm,2.4307924665015888
2mtPoj17,3.4899706165917452
moZz8SIG,3.013181023604411
E0heUtlN,2.919462023229971
dRrkWamc,3.9811807545424385
dachOTFb,2.0607389434689773
oHLu4cyG,4.111678475730587
5TYdA4Z1,6.922032485829078
A2aObHNh,2.596647051208419
ti3JWeUP,4.254457298507259
V4HDqrvy,3.9904394267647874
wva36U9N,4.030135464396152
97yuMWFm,4.007010289445461
UTfZ4bdF,4.043109548132744
w3Y1o4Fm,3.8791522427877316
ubFlRXms,4.685202716597123
mH0ek39K,3.893893104293383
sMnkoZEr,4.487434484816622
8yPARoMG,4.118704985685326
U35eYTNB,3.080417524569202
IqfPNnEl,3.012012092825426
oJVqhTng,4.778049721349962
TMkX3fAa,3.9810953774221707
xsbP3ha7,3.958288629552262
RV4be0ci,3.0413299689271662
53dU1N8Z,4.0035037811452066
f2TsUFPm,4.311830866738164
csQVGz9P,4.066068933743736
JEUQsMVC,3.905715401202106
s6W7ZEA9,3.938343109870184
7gDnolk5,6.967009282479703
EjHZTx4i,6.956356221787172
Biq0SonX,2.9703189048464265
3M95oKtT,2.5468071113101907
zrigFEGj,3.851281153933087
F3ozE5L9,4.551723823570645
nEyCcg8f,2.979033095986233
CXGjFd7B,4.011918443942851
yvj8iCwp,2.8695879271122973
2fpgxLKe,2.0126735667322326
Eo8pUKkw,2.0356304789785646
G9P1dCxy,3.0018824265636423
qSMyFvba,2.017881219232913
97B1s054,4.020452879798831
ckpZlL5r,6.9454842952481695
s7wj2eWS,3.964217219278216
M9Lwshc1,6.9592711678467465
5G3ObNhi,2.926880715568841
dlh5PQrW,2.052207411058045
4SKIErio,4.751474813544192
RqYcsx7X,6.9581822353519245
xsFCo7NP,4.045163735949464
cnU70yzL,3.948373059555889
Otd1zx5b,2.018576900059779
6SfiNbrE,3.192808451594319
7NmFqAo0,4.334657894234406
iGdIof0X,3.9655988905896082
sP4l0U15,3.0600746847789564
3kUFln6W,2.015753044012977
PAXB6cr4,2.107891994115889
kr0L5PQW,4.101214866646332
coYJXqwh,3.2388898081885413
zlcCwhf4,3.9482469700595537
3Xzl1hKm,4.0149686970728
U9tvELuz,3.8399495502981154
EW3J2bh8,4.619393699720968
mrPbBqyk,2.0136140072536457
X59s0ay2,2.9519545725572973
GiNK6dUa,3.895082373550795
nXfCx25c,6.9794978985655955
oSAfOEXc,2.023594031011762
gaL1AX45,3.1794877285958494
SuLgatkf,2.013532849972141
IvPTRVD6,4.038294280271694
NP0eqKdk,2.1860376768793506
GzeQNFmu,3.937536098611308
nXckxP6z,4.275420842960012
OMuVSEW4,3.956210747348232
t7KjRyhW,3.0475794598530044
fi4He78A,3.6049169596150747
URLMloGq,4.874533826767002
l5SxwFhZ,2.0169352458390004
lM07Q5bi,3.0264459834534505
ERT5CZ4e,3.4638871794531587
f6JKYdHm,3.254510052111673
cqaEiHfd,3.0279270354395704
nh1zeFLk,3.9420904023414183
85mATK7g,2.8730860693655993
XldfwGue,3.9909703945333606
9PgKwduf,3.9025820253886194
aEg34ioL,3.9459420375586154
bWUVIjXR,3.0063537958287636
ieT9zky2,3.0724149731980286
PbKt4rfq,4.0048598473573565
Ii5MwlKt,3.9976268244367477
Mr9V37Tu,3.14950165719405
mpQaZWkr,4.030429310160288
ywNQ9DXF,4.604973883766215
diPJKhZc,4.03548788671731
nqAjtJiL,4.350139140150277
wjb1NqX0,3.9784553071527626
rVbxm93y,6.775766051262908
NneiYd6F,3.9727132336678914
TpksPejd,3.251613972702762
84N9WKXS,2.9596703084747427
eLvQlm4i,2.2774633490845373
PjZuHzT1,2.031881968723142
d3j4DOu6,3.10058026040846
B9Mn3kHg,6.974521392401792
ZegqjKdY,3.7610681592242328
xzINPte6,2.024933209005682
PhCm0gXi,3.075490060130651
sNrYLBKR,4.7145708731952976
GvKhYk1a,3.9304420041956476
AzKMV34i,2.0064775580307943
ycFz912K,4.029730796707554
TfLH4PAO,4.078291034930935
9umRbYfk,6.95698082598703
ZOsH7VbB,3.2969423065167214
EWNarAKl,6.615053113039023
rJoE2dXs,3.9796801437534306
RtYmkWXy,3.8515256991685596
cVXf796l,6.888325779516435
YUghdCBA,3.066090159163723
P4zAgYor,4.068969468472896
A5nxRX30,3.9923171917343283
ulsexgOz,4.002275417952065
GqAZUpEd,2.0092302839200054
LWuwEjMJ,4.003168022814206
7ADeRO80,6.514222501743935
KUpq5XgQ,6.947668917271949
LNcgjqJC,3.947553280368447
AvRDQ6eb,3.9379683790964193
ju8Yf5J7,2.7746406402686263
MAf253g7,2.2825693793132635
GkOoHSwN,3.9864293657052627
FGh5ASLn,4.004017875540594
JKkQpzlf,4.004474385217618
IaWCbkdi,4.0496792463998466
a6uU2e5X,4.604174586141016
WePLQAyE,3.021046827058235
q3Jg5obh,2.0313851738839097
bSDcMRNn,3.9168363007897278
EZNQeovT,4.0093739798618255
TvV5WwcZ,3.9644473699441
qK9rihTJ,3.991865858707606
Ydplaiu4,6.9453010199758864
ria1IHYJ,3.9357109404665054
KydAg4DO,2.10003032681092
ZW2FnfBq,3.006613946048747
3why80At,4.231608990748354
CKrPjdsv,4.035695748678409
HDVIkKXp,3.0368661293096375
2fEqN8Cp,5.942138003394193
wBxIdkNJ,4.055210581724532
HAIvwEKl,4.053493270495492
JfzCQxTw,3.009741043363319
vk8tRXBp,4.050795617146832
0Efjg7Do,3.9345972551019073
ZGrzf75u,3.945644977002812
OVhrcolt,3.211247345829957
w4Yhopzm,4.6949284318661375
mLka2tPH,3.130228014304303
8gvFJz4C,3.0494944818923244
GcIYO8mJ,2.6869901240302716
0Lgre5QT,3.1156281911044785
SRAs1Otq,4.337009191344841
dZSrGIHg,6.796531406915747
hrbaHVNF,2.0067207379313152
lY0suTO3,3.987569634866104
rBquidve,2.136262392481949
aS50CgBI,2.051200811283197
8FTx5X04,6.058377560361405
UNF7ePud,4.028356629797273
vhAnWU5D,6.949882905367995
8RygWQrL,5.014737967714318
QJqKNU4p,3.406619991017069
YcyDMo4j,4.015327017884482
qtNy6hSc,3.9562236417015084
ChtAldpR,6.956524956432267
ALiI486N,3.1215723661888113
pkvjROoL,3.054997721587347
2S8efId6,3.084192345424089
ZF7m15Ah,2.0342332397140126
sPh3Kr5e,4.808850441193354
btnCk9PH,3.9897990294957615
GCb5PMOZ,3.7465245181265345
LUZiAgaQ,3.0980250378003253
LWzoBbK8,2.0184951616924813
eQoC7h6d,2.568057181969343
i31fXUDr,3.978651999473623
ByiO2wNW,2.0421149014693585
uC94kHt8,2.8779291882239346
tARSixUN,4.019576741224883
7rIM14EU,3.083497778458695
OcylIpUd,2.963433069193015
LIlQOvNZ,3.9312708263292735
Mol4TkDn,3.009358035456862
8EcNBYo4,3.9842285530283696
cGKVu9kL,3.040332327899523
72nFgZTy,4.038216413949577
WEGi7MAI,2.016439550491632
78ZqRnjP,3.9300323868782288
UT9hc5Fz,3.162088668065803
GwqogABp,6.947878452149526
wvEVB7c2,3.980815203417042
5F9HGLk1,3.680634746025607
p37lrH0F,4.27442082071444
szj7GXBd,4.020504684117459
FA3UxGCO,4.912461454622099
GowPveu2,3.6730180136678974
eOxUHGXr,6.87126662694529
BacTsdpr,4.374516406910843
NLrZwfK7,2.7309045931708527
07JgRfux,4.1348974481265035
CJ4qKlEW,4.012807894192638
RdEbV9lM,3.0313499268531814
KTwdoj61,3.4435165518790023
mc7W9gRk,5.7138796810072385
WNzue8s0,3.7708775492868156
0Xwn2MLF,4.024208547964154
39XlKZp0,2.084096739759771
ufYde5CI,4.085535913416534
yFfCXuaM,2.9650119722961152
udcfLBkg,6.973594837571473
zuNA1VeI,3.9679493982484564
12w0F8tY,5.066536810508696
wkIp7CYq,3.644922557697864
zBc0eQWE,6.794595433972717
zAILEs3C,3.998398818898422
N6pEYuwz,2.8731777188029084
Jcw4lFW7,4.209447074302079
MqcJzNoA,4.065387496831609
XLsZMGcA,2.055433798448066
W45ukH70,2.885378209011505
SdBWbuMw,4.179561070725322
k2ifFIhX,3.9852356232167225
PfZTJOIp,2.358778788700802
1JXs4Gw7,2.979272308407608
AdOsh3nF,4.420401342172409
zBvXTRrK,3.731095980877926
e1xgVDMP,3.820548280687653
nKrz0Okl,6.776313042312395
IGQpsdvT,3.9128991247536034
2uxyCIli,4.0053609070401315
is6lrKCX,5.438559768300256
GmoUFIuz,3.9941874878326415
sTSxMV41,3.309353324780532
m1ZlFRqn,4.199330871517015
5dDVX8R4,4.902546114819707
d2jMKUe1,3.583005059240386
MR1IDzC0,4.422715725816671
kNhO80Qw,4.367342416190077
rC7HvaRz,3.820361137473956
0YVFBKqP,5.881004135967086
ANRgWbj2,6.556357133590791
5c9hd3s4,4.214573080496048
sgM8rGZ6,6.97925338354729
zETj7mWi,2.5068307427820398
Cr4sf2cj,4.021585617910938
I9beUqLX,4.13230303624623
ydQhOoNK,6.926569907010927
TxkRKPuo,6.663500094294432
kbmc9Htv,3.171154434483469
XPIUt1h5,3.022126052458188
Z7gw24yG,4.0302732035866935
0cG6NbtS,3.1810458745667707
bKRPZhs9,4.332105904408964
QlBofNZX,2.0154858501902253
B4VhrIbi,5.08741334552149
ViRBgSrJ,2.0223703237370945
CyZOPoWH,3.972134755545121
8iFezajX,3.5437404084240556
4UzBeYHu,4.076097589206693
hdVPFLYE,4.721991766839637
ApOZUiNF,2.9620947886005795
IWruX9Nd,3.9841660221315762
NZQCO67w,4.326316553539363
GV2Qpozs,3.9719639930015544
1NsXiMH7,3.9832690654404814
6FAuwxcz,2.9704878470613036
wqplSxvU,5.403772280151607
ty1JeWC7,4.37675059158064
ViFYZyXI,6.457058445572038
x6Kiskp8,3.3122975623060484
CyxZqr4F,4.2924959872693575
gJC1nqNW,6.946902315933793
DOulAay0,4.070576293749582
hkvtbjSP,6.963828661719454
jkXY4Z5E,4.029188822871811
82A0NgVL,6.937670642666634
8QwTsEGV,2.0230276282406794
Nv7rZGRF,3.981549475699721
BrXaWyl0,6.979877582761228
La2bkrcY,5.10808671833649
0XIgtJQT,2.050616729982357
qXJp5mih,4.022840905973081
LSsBj92v,2.9438242878137233
tV3E9lGm,2.8179774976016576
NVL0vQ58,3.050021433203947
IaXshElU,2.0148355393064
jlcQu84S,3.707210347498912
8Oez2dSx,3.9866039134282616
7I9ZQFXl,2.036678977697684
1k5FYb9o,2.033123553466576
60z5ybjU,3.123352415673653
0NbcE8yf,2.8778754458258664
AyiZn5U7,6.2426168041164045
9yAbajlL,4.018224996609265
V3eykdZb,3.8508385072276
DhV9txXu,3.5513073154067385
um0GO81Z,2.876531280894633
JVjPc7A3,2.0953932999672906
HCVlkASa,4.021229863892719
2gmaIEoD,4.001670332277427
kaXoWLbQ,4.656212770545972
dwKGgcRH,4.035206322598187
FoM3nzGX,6.852920087439706
kdXflxeW,3.004531757290242
x2H5Dnh9,4.566570759868482
VranMdFk,2.019520297552226
63xQtCU4,4.0294983339408645
ZLGDET07,4.58704880343983
Y8Lh6zMs,4.072291454010992
DJVkmlzC,3.999277967854687
P3ZMyUAi,2.9614962323554215
reCNqWDK,3.1010255612288713
6qI3lxr1,4.0692085964846765
NYTX59EU,4.12380546090426
N9Xt0JkY,4.0781188329671565
579zny8o,3.4467373583241345
etJObx15,4.000540801555284
9w1SxQhy,6.334325770054711
68foCvm9,4.050961412125653
b1O7Z8yR,4.689478471662733
zVoFY7b1,4.00083225792051
dvsbSX3Y,3.970837814823027
IcwitYAo,3.1122707113264183
B5UJxTb2,4.375179013472443
tPraszCn,3.9858572167893
phQXcHPA,4.081048859883376
elKpiqzE,4.0386238823452
f0F4bY17,6.1084562089608525
laH2C36W,3.9892373008613773
VIJwaBt7,2.0303408120392485
mLFjNwxo,5.032753826492699
x34dPXeO,4.590882344368001
YIpVzWXd,3.985877132433707
LrSN4Zi0,5.926256644867827
VyJjOERL,3.0521801074799075
TK0aoVgt,2.9524926102094473
aUKzNcnM,6.059850510024698
ovVGB6kZ,4.098312864700856
Fhw0gILd,3.9793217334776996
sUHIr2PW,3.250912234293937
4pSc9Uu8,4.074198520921745
3gF96Ne0,3.6182003766996793
OvV3lcSI,3.073200728934025
STnzLRg5,3.0529915871892084
obUz42wj,4.05481509184663
7xVSLZnj,2.849855262454658
5r91gADE,2.767789803167106
4uja7YiC,2.9801230999104886
SJiWpvED,3.012139772194332
Ilb4j1pQ,2.0477488045563224
PU79145Z,3.4703356341808105
nH8ZhOSP,4.51405038221972
v6YslLWd,3.0011603577982955
ZCJlFyGB,2.626457533533685
KMyI9JcE,2.147738519727718
W53RIPEC,2.405394114242881
IPsgWCKE,3.0711548109797877
ZvE3w7HU,4.05311150161302
c0ELmjg6,3.2346959431376314
qeJHgtVm,4.0243383485826785
EKqQxRDz,6.936306477313937
qNBVWoIt,4.091181193537777
YRqu8tHU,2.015995249853149
TkdOW2XY,2.0308897843811424
pLo80Wwr,4.131332203650091
RAOQSiP0,4.0442023492917
femaZYtR,3.4290593453668405
W8SdpnvO,2.932524889238921
QUxOnMCI,3.0448960314205946
FRgUKqta,2.010471177471053
roQM0jXB,2.687171612580132
AqP1phkz,2.0593343501981147
bavoty7L,3.9943156791706853
gwhfGxzb,2.081491901643167
6CGdmwQn,2.1036993439563956
fcv6obuK,2.642049956622068
gC6r1BEn,6.827404629319209
VQRbpNlW,4.053958781203037
kpMPfmj6,3.3385300762130647
XscWO5xk,2.9566595196088747
WAJ36I84,4.79111448734111
NE6rv2za,3.054864332400575
5U7e0ksJ,2.010101093702944
I7CHvRN4,3.928732365781652
n3MXpdBG,4.049451239811206
eUHI1aGv,2.0083944589152454
gCdwsM3R,4.025832444379338
5AUJneba,3.4814334702919587
A3PLdB0c,3.964369398315248
18BdOTEi,3.889170317549142
qEGDfQuB,2.977942094291575
4fLkA0QS,3.411422653380432
03DVBfql,2.8157376883551106
6q2hpPmV,2.0364284891289888
k2fpZY1H,4.14567742264826
ontXY41H,2.0382398355461917
b1xl2AND,5.85863653446082
jCchRuiU,6.866654564611861
lH5n4Y2e,4.037962093026836
dZrYb0el,3.34290044114925
zgSqm6f2,4.231264339903719
UV36ui8j,4.17243704919822
jRIYWb8q,3.662999701988883
KUQ9EZeg,2.0226238632062086
pxSJ8ICj,4.0002127090524295
GHRyXWQZ,4.064204684120196
zJKxrbNE,3.9708711278354167
3IfzCuHr,3.8831425653971743
QnUjJr2e,2.035888655962044
FdmnKOA8,4.00926397930767
08OrmI1Q,2.991521885790862
L8am7ejx,4.122142759885463
bc6MTfX1,2.0137579921543147
9qISsbzr,3.9530726248080468
RFSqdUcA,4.434744648764027
jSQLsJnT,2.057012178931036
qhF5EmKZ,2.431270341581257
fLFobn06,2.0578415499669793
MbOR4N3K,3.7249356574063137
xciZ681u,2.0178216697964033
hOQeHB9D,4.003136805213671
aE74Gi2f,2.0206119499128907
LKk8NQf9,4.035991760436046
NcYswizB,2.0142235461453266
tZiFbBfH,6.864795398246204
BhFpkdH0,3.991725856456906
glx1PduJ,6.914296122592278
kAmULZSE,2.6788337608447184
1uEdfAaT,3.986464266120638
4xZ8tQOd,2.023335244357223
QVPUAFun,5.083271358800343
TkOdgvHL,2.872497306883742
6oXifkRG,3.446268401610287
6FydXc3v,2.8772308529191646
fSlH8UNj,4.072066257991101
ZfroxsE3,2.9915636786274256
ixknOf1K,2.0166455139157526
wSWyxBoM,3.342678366458858
vouMP6Yi,2.7526452790931217
JCi6qHuv,2.019212741642878
9JTKRoCS,3.9447064527534534
FJvwbKyg,2.0332529919481344
kC6P4V5M,3.47524446326308
LxtdDhY0,4.058592024382633
2s6KIrlf,3.8230259704027048
7ZUbndoG,2.0444870000043007
JNrUywT5,4.043333571447293
AmI3vE0d,4.01036879108563
WKYthbwp,3.0787720469616033
LV7Sziha,3.37332866897108
VTurol4b,6.75660806535423
Y4IMbkr5,6.804992658603005
yAh37sOH,3.975290131380679
qvpeyOVW,2.025438677211119
VIvZTlew,3.258905713364638
UCqPgZ4I,4.067797930619671
LzI1pqYC,5.495924361209327
IHOTmL0B,3.9770710620971657
x5NbPc2s,2.0102530366603153
5ZN1MAf8,2.2479298361553814
WAKVGaZT,3.9952723631950717
h7KkazmZ,4.03778416081831
iMdGReuy,4.047819031288954
AFUMQ4CS,4.138415123218712
AbfM5RQa,2.0258546239735367
74fQPOvM,3.1853747109835964
SDo6N3Gj,2.0103511045019875
Ngh3JVcD,2.0194619809226237
N3scrkWR,3.352847107627094
yf97z1RO,3.9012403152105612
qicX82Dp,3.2291672425362044
CHLrJ7yI,3.9657500642444936
oJyqI08M,2.995943015959419
WVMw0TsI,4.109609359742171
JoWpBIbE,5.260450599862962
i9fjkbOq,2.779304217449758
9cZTVfKb,4.761997467588809
slO7vazk,2.01205829306783
5XMLAxKf,3.8046741967074924
E7zPYkVB,2.953263159008711
bAaVK3ny,2.015650768785563
Lx9Zq6BF,4.999524406473502
RvFju5Pq,3.909054819715675
hYBpZuzG,2.958785532378497
K43w917V,5.897432282264981
ori0x2HJ,4.704513845103066
E4WY6Vfo,6.815960770345582
DJ9phkx7,4.015258960809083
aLGK5vsF,3.983649038083886
XQtzSy9A,3.0637413740075865
nQ6MYyoe,3.96783213077928
ue2jqnt1,3.2093123046238907
3oWL5t8d,3.999185914456903
rgA71M3N,4.7834230923431456
dO3RvVeI,4.037165617468418
iGuq0kh4,2.010169710159462
Ymc5ase0,2.060768369419093
1LqFfuM9,3.6207833250303514
YOP5igMD,2.162470880037854
gE7UF1f9,3.7333318307784795
2zbrIT4D,4.6515472802380105
h3YgolXV,4.0186359938509115
yGui761E,2.018236991185986
PZ9aFcOD,3.948972854961594
EPhoMe41,2.7418079098238373
qAmTGKIJ,3.7051188456198725
Cf2oSwJ3,6.890531742183957
aOhLfikg,4.055181259351666
sQyk5D01,3.992570894392101
o8RnMe73,3.4368231318151814
9bZoJviF,4.000290498786344
cUZ86JiQ,6.780503190220334
3u6wqSWZ,4.082357349344529
r1gzAFW7,5.9827715589199215
IprzjC6q,2.196450864830986
RQc8bOqe,6.95320440242398
jnUx56Xg,2.148045972195032
PgJLevs1,4.135809389969654
nSG5B4je,3.207382639250718
wvnzi4PV,4.043206363994541
R5UJrqSo,2.025987012371625
46gfzco1,6.948460918781056
wtCrVheY,4.022378422556754
gIB47alr,6.941408621454029
j8IWP2Q5,2.065844414440508
Zi6vPEfD,2.046912034250454
wqtoGicn,6.920819231100613
vRh20KtB,3.9386409454384195
wR73YGz8,6.066684735865201
iqatgKOB,5.07009059182501
eBCHEIQ1,3.886935481458204
7pCu3HvM,3.7855858538887697
BGaWNiju,2.09674633048955
oFPUnacC,2.1014110179525027
vkhZPb1T,3.077675704370922
Ct8nIiog,2.902580337744439
xF5zHVaY,3.8897328798424495
yCj81TIi,5.6767419424860055
n5vOikfF,3.027691617031887
5pIwWEPK,4.024278173224302
jhlvxUmS,2.027128547548709
t3m4AuaK,6.826807765000194
xZma1zO7,6.975039287991504
nd0oRuAX,2.303485730882676
1ioGnLMI,4.02278926067901
XsF2qi0m,3.9696335618484624
jJWVuQHM,2.9361390666570513
sLmfjW4l,3.877924778701272
FrnpWyv7,3.9800294231867523
Dwn0x31W,2.0163477703707757
sk6ral2h,3.9845435944726346
qb1GV7zw,3.4324012749503168
L2lYouJm,4.021250994510879
nRbOAHWx,4.271445835341874
aV8PYBpv,2.985228568677594
6xXrJ7nM,4.052974346465053
kOVzph8Z,4.994333143673575
rQ5uvp0L,3.271249699975306
ZXmuq62t,2.0268777500280697
Tr9AKgwM,4.265055089765355
axKqc2EW,4.0146046154180475
RW1qlrpJ,5.03957972987555
qpi4Ryfa,3.0027412795408783
Wa2RYLK5,3.668611520662671
B6CqZJN8,2.9669117710430877
qPhMTrCn,3.4937472761848767
5jteG01d,4.411589188869111
ko1S5i0N,4.602439450477251
kXzhUneE,6.921359113366925
ZRxyaKp6,4.031477819970679
hXV9Tq6S,3.547361919758841
AYFCDKJS,4.186305662031677
zIQduZK8,4.002530891548213
4jx7YvSg,3.0198884956289747
Ein0mtjI,3.3564950304220837
DgJ8ubF3,6.906793070367439
Qu8H5gla,6.718783186261135
AoEzVHj5,4.179429587351624
0iMQBeOa,4.473123888184783
fBt45ACw,2.016088738335457
F9ImJqCa,3.366362143552396
uSwnReax,3.9350441607079487
xuWERhAe,3.9677179430954856
Bd7msfPJ,2.0449185305313224
AauRxS1z,3.002195656318509
0MliUjqg,2.860353415019344
WUDXwQeu,4.140363215549296
k6pFvs8E,3.0207641242847245
f5hQVU2t,3.088552758138685
0TdIpmW9,2.9044381825831076
SGJ8s9B7,6.259371127802877
I0aNgoL4,2.01901852875817
jc5R4YMP,3.6414018034501354
al0LHmJo,3.0029805809479146
y0tpFgnq,4.3225280011552965
eVsihzlg,3.0965540800115563
1teowYHQ,3.916380638787268
SUA5DwTp,5.221369549531955
eQLD8G0s,3.9967723338881114
L3vGX5nc,3.0057066899487843
nRwqkAtE,3.076721473116341
0NCYzBgL,3.010201393913503
gr0U498S,4.096732211370144
UEmpNkyD,3.3557487259956544
7CjF1Arb,3.984307890876152
3SpUaPAH,3.888439416975234
vj86bif0,3.0144747902148445
gyc3BJXM,4.005284091728141
Y2EKvBrQ,6.961748918630524
vWIQc5Gr,3.2752977325668327
8qKhk39D,6.953382628455583
Ho3Mxc4D,3.1389441834781615
Zbs98UKr,3.849127575729508
dS04Pfga,3.4384580132730114
8SaER3Tt,4.045281430883915
UD3ZAvbn,4.054388778718566
wk0XFDHy,3.0693977801091386
3QF49aNK,2.890326532796025
5GyjLenW,3.896696545204359
sIG5oEQm,2.0504743739797417
u0NFU5EH,4.024407981101957
BHxdR4lp,4.943724225632758
oM2f6ZE8,3.9171076007341803
VMDkhAuC,6.732773438535443
iLIwotzO,4.0089418164073685
q3fcWia9,4.450034798133856
kHdtr5sh,3.049014630541023
EmpZYJj6,6.2991743543968175
jDnOvrmI,4.8109875542994995
sLSr6NH7,4.902944358364911
TX7w3DLJ,2.036271119116937
U4bI2C8O,3.902077758428932
ZQoFwSbf,3.658349639066728
hBZk84sV,2.042449484071949
FG9mv1wb,3.945962295376521
r3EUJe5w,4.012418507632956
qayWANdg,2.977744920387704
Nr3IcLo4,3.7749192736195987
IM8BrcbD,3.969678737922633
dzVnDAE5,2.0383840994770437
2XCxbuyQ,4.119200454238453
8oXDxKhJ,3.015189676852537
jZli36QG,2.9644478663076006
A9PoLpUH,2.0322276444931773
JESjNWUO,3.116587740779105
PtNnYld8,4.030691186623009
KJAbG0sd,6.936333569781217
Lu06Fo5N,2.9945904548102407
smNt1nvS,2.0171453367756293
BNzOGp3P,4.079747537755866
n2T653mi,2.573741861786111
6ZHB0VjO,2.9912283911761186
ErX1Y6ax,3.904137906645919
t1dlHaPK,2.520867235440673
KamNMP9r,4.127257446157165
0RPWnJZc,2.098248594354591
wzj3o6C8,3.0705646230523413
cfTMjbBk,5.046890434120725
9dNlFCm3,2.0291696801827124
MHFhk5w8,2.0177905984397784
5o9bMLEI,2.0185883277480388
gXw0J45j,6.862538126111613
mKhelST1,4.931587746188742
OdVk8SPj,2.0262381499157343
qGan1pEy,6.4497554348327695
4Vb2FE5l,3.005323958865483
HSAr32F7,4.039465585194721
ydRXx49H,2.469638490864163
ziU7cFOu,3.444471535445191
HYsgocWQ,3.8955765347648414
kqHsuFpN,4.50945580168278
DnLmt5e6,2.987542327577175
yhvmNtuk,3.4275622468499938
okBZUvdY,4.187372591122694
L6x21syp,4.470348381804944
1UlyfuI7,3.924833772090912
qOFadb6S,3.9841298837156502
s9lvjDaU,3.8673068671154027
gNFqCSE1,3.7841552578069964
MREQA5hj,3.009378627806254
1JQ8u6Lj,4.145183134292166
MeQ9vnhu,4.030275195231998
297qU3Kl,4.138584479741694
ihjZ9C1I,3.4335932011436667
Kh3cAaqR,4.058134487193138
Vlm5IBEQ,3.2938475990714506
2ba4pvec,3.2592082008892342
Icy4S72s,2.0383176551301583
KGjhAnl8,2.9937839010966854
NIWQe96q,3.44247708687908
Jb2sc5uo,4.3671640235083755
bncEkHKT,4.026552020069376
v0dZ5am8,3.347464642763371
eGIEJFcR,2.7398065677611156
yu15hbrA,3.5849156433215468
xiG76nkz,4.880490818908438
gVmH1iMK,3.912255349777406
01nUuQaf,2.0373984343699703
8BDGt4Kz,6.840203830456593
TFHGKOSJ,3.0788779835170135
XI4hnEAi,2.452740787724033
65QVMZda,6.9172395230070105
VKUfDdek,6.943464885524845
dAVGU9cL,5.140143185025082
6bqBE5HK,2.1989199872712195
IMnJ0mRV,3.14180501878669
EeUlhmxS,3.639973343254533
xPDjiTAq,4.019479556480656
FXaywRiM,4.014446942801588
hV3wfKJm,6.865933923657758
SvZ6FIqW,4.029935054111016
UexgcfXy,2.971929400662811
K2OcqBil,4.755427090940794
YniGgODy,4.0011255700978285
xurgIDcF,4.05744770299861
alxjqnUN,2.048953045247035
YLD3olq9,3.9980447040680156
Zu1widFW,3.894568302984662
aCsgVOR7,4.9870698731753516
GmyOQpLu,3.8900221980916108
McABoCxY,3.9815020537421333
TRfljA1c,2.306974783051992
Zd85TJpK,2.949179548256816
vzCVbdQj,4.00112155778519
7JayBCzF,4.0570767889523545
N2lDUB7M,3.9658961923556943
VjMUoEZf,4.062885513582733
a30f2FlR,3.113977090524859
uUxz6h15,3.010991180535202
EeiMAPs2,3.126991942446039
vA7qXk4E,4.054750332974363
Z4EMVtTq,3.71838510063244
SlUcHZKF,2.975667778531497
9gkfFZhj,4.144249059241537
kQbTRCI8,2.9280539729884185
tjV0FCWL,2.0195448297056466
c2wyjbrE,3.615569554777976
MznwVhxZ,2.036631124051055
eZ0CyWRq,3.9948733211217493
SKXwdMuI,2.4044394603563704
VG2uHk7D,6.978483907617684
iARTclSz,2.040616457784699
jfmMgpW6,3.424919063983252
IJ0e4rVs,3.204412104081385
6Ow1FP2J,3.002205074151206
Yt3XJ1Sq,4.0372531489487
INnLsO8J,3.0013742772464322
naLdj2g3,3.7452061152539677
aOU04IDy,3.927669165028783
zs1iUCjr,4.1258651913857465
IkOaP1Sg,3.3523045925927
x8Hq0BKb,3.5056683541330855
Y2RKghE3,4.8662729104410385
n1jNp9Q8,5.128693677491974
EzGZUWMS,4.70952647556318
DelMrPU8,6.764704150327525
UlPDnCM6,4.973885395443067
DkUnBlwV,2.0105588044828435
zUtbFNan,4.0001402913739685
oqg10SZm,3.9099960977525186
nTl6kZFt,6.583074420669601
ofsDpN8U,4.837611211861949
D341ai92,3.9670764605980366
Si0gQVqC,4.7819190553708175
g9d15czM,3.783328943870292
EblVp51t,4.007061281799469
dlyjADTo,6.94770340405954
eFHIhBE9,2.034449378199206
Nl6HrI9o,4.4522303668083625
AZcmWv92,3.696274300141522
2bkSotRg,4.022426850888341
SvhCl2yZ,3.968734033137153
hryNBjCT,3.72276828818518
59PITorq,4.025997234223905
z7GWKLNA,2.0727013735240685
27KzuYO1,4.399962891999167
MCNfHU8R,2.042994634343577
hHfsUzak,3.957086460939299
zMpoLY3s,2.118188456351782
1B9TsrNf,3.191313430535229
zQKtsZgX,3.9671617520198055
5MmCrPiQ,5.9374625298117465
qAuxKrXY,6.953173887415187
UrnscA5C,3.984958027014764
xckm45UM,2.0153194872613676
aMLjEGDi,3.4672594749927526
tGivXycL,3.007546170119494
kDyhd1Wn,3.941268570414613
5XsOpQjZ,6.891412398726624
TvXyen0c,3.700527200455108
efASkQx4,2.0663029693788846
NCpf9w8G,3.1862581106316066
9yJUi0bo,6.956167677182893
9VNrJ6GK,4.831940042544593
TEe9ovUc,4.112351873823136
iFgVzmX1,3.935871402080738
Q70E85Pr,2.6147699525067583
vYtyiJXs,3.4732781036832607
aBEwemqF,4.119280468232337
mGTfFonq,2.9795029512846662
Mvi4VtNe,6.925826068411989
RHYo59z0,5.287641127916723
cbKIQuXZ,3.989902255015172
IYvVyMOo,6.47788407644839
FiYU7NOG,4.3379411832743795
LX9q0yfp,2.9974290542283413
DoKS5UZ0,3.082768194696437
5KZ04cLM,3.33148585939547
JKo3ckBt,6.9653394805082645
OtigsPwy,2.0160220703031158
4eIao3lR,4.498940298437374
FnroNZXq,4.079803727667004
xGDT5iMw,6.7934023828614585
e9TBF2lw,3.519722096528858
RaoWj0hP,3.9679594023770557
YxLW9QvH,4.044824498356611
HJXSiC2p,5.282558992458725
8lNy1J5G,3.1695448828076946
Tz9og2E4,4.125258443615603
zKkeaX81,2.9628130400564716
28XUdQu3,5.106338128977223
mYpHustG,6.605801047594286
ALfklQhW,3.9976801178005728
EtkgOZj6,3.1229941480093566
Ki7rWg0V,3.828720638060986
CUbSvudx,3.1509941159284063
LbIa6zpc,3.956487775478763
TW4roqQO,2.990692864714256
qVa97FoP,3.594340561912541
XVdSJACI,2.9991896763951806
q2uIjwF8,2.046720260596494
muqR6v3P,2.0308840930944276
bx09LMNP,2.784350981856405
wkfBin2y,3.116253830022224
81utqCQS,4.0380501276762875
wbXgEKzV,6.278974806977203
ALFN6R1k,3.9344457625430365
4HDiEl35,4.009967932120198
upgwF1BT,3.927246274142381
RzMLkIFw,4.143264605379081
OfQHJ51r,6.355373668934626
MLOl8Jrf,6.165039548895875
MjuIOkWG,3.9770847423554914
oO09Ieh3,4.7903233077144245
yYdH356U,2.200621749217098
soTrj4eN,4.31300906972203
jMbC78tD,4.006309882064816
YaWqrzAZ,3.308469706335745
JLAGKrDo,2.0431982284588592
L6eZqAnV,3.335790051353979
EcDQjXH1,3.1401437994970913
tBYDfemx,4.262212599174127
FCqIfx6g,3.7440143403637918
kI1nRv3C,2.0225491002000986
y53YSpWq,3.9637937678377235
LXyYmg60,2.722513352863607
8okEjxm1,2.044981688171156
1KxYqRv3,3.060132265259781
ftqbkSI9,3.9641807135292764
7xvYKCfo,3.0042548151613886
PKmVdMC4,2.971724609243465
sKqCUkGe,4.110990052411217
6nuiyI9o,2.0375439365596684
lNGFKvDc,3.9100819397827578
TXpZ9xVA,3.8741807890494235
1SP6NXHl,2.2048897042973836
1Z2OM5u3,3.5586685154662696
aXjGzYr2,6.289455567170516
NhsAtF4R,4.118195736602357
MH3Dht8N,3.9912764858122687
tgDRQMO1,2.020378806128633
eIFy95k7,4.037562804740155
fAxzbv9X,2.025046451896542
1QcS3PF5,3.9435697613132654
3Z2PJqu0,4.059875320904102
fM364mk2,5.432948482533757
3ykWPfRT,3.9282086743158287
JeItzn5S,2.0330671833098677
ylubjnNH,4.1473886759120795
nhmkBYgP,2.294454038348049
20ORFscx,3.562116319173947
iy0YoKjb,3.9960458847231157
NQWKe7yo,6.729527186878258
aqVhd1z5,3.9763469040246853
wgerAdYT,2.9809354241271286
BL7s1f69,3.053733959081583
COA20HgP,3.063303505016609
zgAKOjfo,2.4501032106828644
Hrv8aADQ,4.033530419070448
gDuHJU7i,3.9588835019129327
vpR9TGxO,6.906294280056609
lQWAzxHI,4.579624681291752
SpCPhkOT,3.964606044575048
PZR7t2nv,2.8453871221042943
z6hrUBHP,4.053753261098409
lbNpfVTP,3.232066365624778
RDHYh5KA,3.73784553327132
3q8nOUMS,3.175432413959352
6DTFNKAd,4.039991643689209
bxCuJz28,3.698147102438088
ljUp61Qy,3.365753352578031
FfHOiZGU,2.0230302981738353
ajnrUOFX,3.209132695148292
gwyZEvqx,4.017315341581234
qSynV05L,3.5160344832108237
z6qLSeCy,4.022917659414998
wQVbd360,5.663016228213673
FUsKNL0X,2.9916848660814503
hWOR67IM,4.005285678474193
DCu5rfWy,4.016518570735061
P3s9pDaw,3.0092631166252253
HgjF8InJ,3.0074128930785813
y5jWI0Zr,2.052202246308075
vTC0M8LR,4.053649903564983
aXusVfDE,3.212835799970198
n1wFrNu8,6.877819675381616
SlPohs8C,6.885914733444369
TxaI1MhZ,3.9604421118397384
tnmOqTj6,3.9926397487973375
5XT7hvcF,4.082995312379499
UEPLBVku,4.482508242088952
RYUASefq,4.0683701833386845
o3pmlfzw,3.950017309932336
6Kswl0hI,2.7642373347005558
V2sECApm,4.0042029033749715
lhC9x7sP,4.097014791069087
9n8iKdoU,2.331332121534215
bFPcYWw6,3.1578987709584183
xrLohvWl,2.4652711112162797
qjCXzJTS,2.9461982354551948
eQkS6grG,2.0545786234026306
S7TLtJ0m,4.780423812019071
8P3JwMur,2.02806047843736
W8tf9kJs,4.491194815617928
EwW9bnTF,6.7499129870440795
NelWo0KQ,3.885844056237547
aripbTGA,3.8533755930383626
5TFCAmy0,2.070653326299944
tswSBXp2,3.965361533907708
3ajcCri6,6.694313467057071
XjkbfwGH,2.956121413563378
EtldYFyu,4.025538453991501
phK6A3xU,4.353731850038748
xvPriEph,2.032218221389864
Ck2oQfe9,2.7596386207181784
vrNxRISF,4.863315400683932
vEtJ8yRC,4.367281376881583
T9j1OhHF,3.990005224901215
dFtDk06x,2.253892368917004
aAFiQsvw,3.2395472553651046
7i01WcsN,4.126119317939738
a9AWGetN,3.991001635372213
wmPKFEWO,2.0647902677445376
3JiGvDN4,4.148232885992621
Xr4idK9e,2.988551099178294
PM20B8ie,4.676912800599238
sX6IEw7D,2.9939410520927416
nwRvDge4,3.868802509499364
rA3nahjm,4.529042167939915
Fqj3mHQy,4.015954104479752
mGJWiIeH,4.030537609006097
0SujTs9K,2.449626939292939
E78utgP6,2.0277218562117194
WLCQfNRT,2.020800826646009
qxe2fd7V,4.007212816272004
6Q1sSUH2,3.201480797643017
T6vUfsh9,6.935288948250528
ycWL9D1v,3.9138726017597945
z8kR5OD6,2.0154987032196483
iRAGHoPW,3.016804557636569
W5A83dgX,3.0675322413443062
5jbHYmKV,4.274162382074647
fqO7SxJK,3.865737028188814
3HLcQJKM,3.8820703943778065
nJPLqtzg,3.7072996463906014
NFLm9h3Q,3.0823894473888505
ENbsZUQx,6.92398593468184
jpa61O03,3.0049364976616197
Z5LJE647,3.002889947721724
KzL6ZvRr,3.200080439531148
R9g0p1Mf,3.940815169896355
XgnEGbJ8,4.006190807870371
30dN692V,5.57178553108839
grRKINlc,6.683325281964246
iMvZDrNw,3.970382221799737
ro7Kpke4,4.124783923484356
kdC7INv8,4.0054262416149875
YVTqHeRn,6.675982059589588
w9kXs6mC,2.0233444631852944
wj0bRzoF,4.236314082715618
AyjCnGD4,3.5481037839688363
riasMc2E,2.8962983732127032
MJuGOEYh,2.1519935410586184
e6hJcXg2,3.8848479847562887
tP69qGL0,3.99045404072679
nK3PothR,6.965851664049606
NcQ627qY,4.0064866103198735
xyqQNREz,3.0108404785561653
w8yS09pi,3.295022065918456
e70ksmNS,4.9154527674042034
ZLdCytYe,4.130971383887227
4rQICLTG,4.278449174055713
102rTcHk,2.071996533531201
x6UuyOpW,3.7920363756589355
ShroYu6g,6.217599201980047
CdY5qRMK,4.074113378299757
xRG1mjPW,3.963320787269331
pG9ObDXu,3.9949913470248566
WilQHXon,6.782654006446246
LWZBJvfj,4.021598645388712
YZzNaWEs,6.888096064190613
VWSf4PEK,6.006939091472887
AoNBaLJ3,3.2009569508511317
64yOWPrm,3.113708341498568
JV5NmhBr,6.310763744850265
kxMjFhN1,2.027879076957179
gk3sU1wx,4.019612567977374
WAaP8qiB,3.7314398466400602
zlA5gBCi,3.977420329651377
ZBcrkUut,5.0890321456146195
jrTxtWVP,4.748349783037557
lTINxAto,2.0703684493769994
RnQkyESG,4.136763030311849
l3wcpGOZ,3.950064056444789
ow7IZCFY,6.821255713956779
3Zso4m7S,3.9773131122614727
dNxkTAaC,6.861911384993945
rOVpnhvy,3.7739141035021744
ZKCnMsb1,3.416823886614293
AamE3Cjl,3.0254771873381103
SeArGf2v,2.0151427630151533
m1pNSBiO,2.2240333138630377
De86Njml,3.3921069864509628
WDVYQTrE,2.0276001959874246
ABRsGmQV,5.356721489372285
Vp18esIw,2.6159679890377445
egwVdX2f,5.6872153174644335
WyUkGaFr,4.002807811220336
WBkYy9zV,6.614236407640855
q0gbeyui,3.9854798703889536
FvR2L1eY,3.917083141627645
MReSwr1y,6.29887243233563
LUiqk8Bx,6.893265689825638
7kYqlNDw,3.140948099571979
lH1pMaWr,4.165219524898566
I4mAoPFJ,4.002709747457338
ZN4xIGla,3.8496696702443294
1jTMIhVR,6.838631218785304
m4LES3xN,2.951914068911337
bj1pRlA5,6.910152179267898
DMZCTovS,3.0204194549366363
UchaiX7Z,2.802865704877222
x62pRtjs,2.9775898623092507
9iWwTOas,6.978702095122753
bgoUL0YR,3.9992848842114155
J7PLOkeg,3.0137966249445434
iCQTg9un,3.7509132277412576
WdmLDtXq,2.7978391391184414
aBjm1ieh,3.739643626129255
Y1hJkV0v,2.095098284843698
gHriZ2ln,4.30918852184317
gWA3v9zZ,3.788826955866534
mCSBAxE7,2.9187748640553943
BZND9pxH,3.9548394990363156
WQCVZYRI,3.5584326440352014
ahQ8kqGj,6.976612042591005
cpUKhqmV,6.938914345541853
62yzLRQg,4.3620866378978835
bct4uPkC,3.0170262207179066
Y95EiIUO,3.0958356504039326
gZT2RWMV,3.990525946082659
rLQmphTY,4.107439415863483
8PAcJ5Wd,3.576582737316494
dGEkHvz2,3.437513610745664
hpbeZwL8,4.378751885133097
X0N4TvOH,3.750329455752508
WhwUM4Pz,2.009889961011579
zfT14CKt,2.0096481997906954
hTy1BVXW,6.9480522386313535
GuyN3Qaj,5.102583807910561
FVMLTXAt,3.167505545404856
CtgaDZnm,2.0533708301256413
hD3EnbC1,4.270992464093142
bs2EntN0,2.066146878748968
1pQwNBzF,2.054517090318259
NCe8Oc94,6.61632362349672
EOdVMBka,6.76860608686402
0ShjkLA4,2.0105120031335426
4kTxo1Yt,3.064259174002073
u4x5QMrA,3.592383220964112
ULawI1bh,4.411007321245652
fbRqynk0,4.180638666220474
t9BPr8N2,6.429323536495211
CpKHGsSj,4.279993338478381
VUsdgACn,3.0064154530120137
iL68MRTp,4.692331216956955
rMJdjoam,4.067627003816087
o2lVceBd,3.954930841339229
VNBi5D48,2.93342193571415
aS02OvjT,3.1242687920633214
kJLDGPEB,3.7577079099023836
xm6gBhTe,6.5945093210617785
EnlLSfqN,5.9375475515954905
ey3LYNlu,4.3026886332361025
jZqADeM0,5.986493615026266
39hKAugR,5.247712449806859
w7NqQCm9,2.139458465400385
RXvWsEq9,3.1794161877303853
O8rcgi4u,4.818091038585699
nPOuKNWw,3.5577059762970022
8gJd4rws,4.024117847970338
DTU6asHw,2.0333947776738546
xSRA8GtP,6.604139092133846
wXfOU3du,2.942911108641238
3p0szqIP,6.9157679224328605
Vlr1FZiM,4.082045066951269
hqQ08CVp,3.885773730994088
2KB5TopY,6.886726624758157
EiHXmfud,6.918730937960572
w1V7JHKS,2.02549044276624
i3PvKo7q,2.0272098326716512
bdIgkpaL,2.988963193109739
zDUu50rL,2.0577132628642723
G7mSOtEH,2.949232682663132
S6jV3ElK,4.070473682200354
LSKjICDY,4.925981291133664
Ycwl4yqa,6.969262712688324
wKZO2J0l,2.63606901774845
iEuzAUQc,6.873531058259542
02l3WRi5,3.9870835109718614
Ic5dVPTA,2.7986165467905817
eCEszgxb,3.530421531787142
YVXnDz45,6.938934302686976
086IDRtP,2.0633227608703235
EGvSJAiD,3.965488228045797
bgyQW8k7,4.390164561702987
IAlJF8Gi,3.1791924757073686
BVoHqA51,3.0660463103509032
fgmr9RNK,6.908397455008526
b28XsGFU,3.2535461762239715
sf3yIl80,3.0636775470909194
Bs5k0nzb,3.0675322794540265
U9Y5ONox,2.030744221365312
3sR4fhrL,4.466346714248357
2dyAnWZE,2.254879172577057
qJNcBwpa,5.334694346771521
w14IO83g,3.0005568460828367
J8n6cVTR,3.0698209135053913
BVrb3Tj5,6.9591181836486795
oAmuKYkF,2.020768946933931
BqLlRaE1,4.123706628681975
HIC3zuwl,2.027040625891241
OUyG4qQI,2.3330417365510954
H9OzoQdC,3.3390454557523475
lPT4do69,3.1234856274651612
0HewMxNq,6.797909976736845
ghk1BWIz,3.0024188968185626
aGnIH6Xl,3.325319299318944
BOYiSMxK,4.069188580005066
QwFVdv3S,4.249810618487535
kaW0BoFx,3.7125707195876743
jILQ9v5O,5.214944937896509
74lCGt3f,2.968763718355185
xo0OIfwm,2.033961350896861
ojy3ZN4i,2.6048625561267547
3LkjtQbN,2.510723780210792
jd6rkU3c,2.044081106538451
YZX0F5Pn,3.9030158618051787
48WFwshz,3.9366538585389206
bnOB1lpP,4.184284160549941
6GL0tXHc,2.778047946315637
3t5QSCJe,6.953912000050477
uoC5x0VY,5.620618614608538
YUbeyw4X,3.361088346972829
9Z7nriTx,4.0012009342845705
vl6LfXmM,3.7065640259650534
p3BG9yM2,2.0108670126900683
0cmqEHYD,2.7914078334686927
zopr21b8,4.372865149384015
LrKmWyfN,4.021516904407788
AhbXWmyS,3.0438239560058173
GKLdR4N0,4.004811539293369
ilebIOHc,3.193814034818788
t5K4WDbZ,6.408576919889965
XzG4YfPg,3.9902071113546844
V1NE39je,3.3989986922353275
eIRybu4Z,4.0459996688664805
EoIpLeth,3.884604523677845
hpBQw7G1,3.955358375193992
et5DHJdX,6.938726343472081
UwRjsnPc,4.114478340377173
2GyAIORX,4.032215441488688
VsneJMhY,4.579428920767677
8qonYkhX,3.9973987092845897
Wcd2o8ki,4.006125165201519
49lgOLpQ,4.293871363674988
CugQqaki,3.0206490155460783
XFu3Oi5g,3.2984590914583536
7OGXA2UE,3.2454068236448803
VSy0EzHj,2.026538862588277
mrYBvHZS,2.8399079754622654
KAYfpXvO,2.8632686272624417
uYhKJl4G,3.948755872590919
z9ipN0U5,4.510285927443465
oHKaGEdY,4.002267877017294
80Sh7Dzi,6.9905287019197875
ZI0Lmue7,4.007540066109577
B0pqYgfT,4.688892977251089
8iZ2jhVb,2.028746184031843
gKI5f4mt,6.124237850882928
saNkVbqm,4.533502828630373
VuqoLk2D,2.1790290427707077
lIu0qrLG,6.977126670923717
IOWzTEZl,6.588784352554356
IsAJNg3p,4.267722364917863
kZCeNiM8,6.9240674196292815
83tLjXSd,2.0698703446815494
8BSwMnbu,2.5113885084621144
D9LtNCOP,4.602311018158653
CK4PIZhi,6.8420503882600485
vXLQjPY8,6.829184959746199
snCaAILi,3.9289183056152255
YLtOy6hD,2.019155797377171
TibrOIR4,2.1334958500265935
Y7PKHbyS,3.965479844869006
FTWghSZe,2.381067148701404
98WhwZGl,3.8835748527394025
SUMqkz9J,3.989682489582156
71kCzedn,3.098174619250094
MjSpvABU,2.2518380172361505
6LXwKt7v,3.9948584637781095
MtomL53u,3.5444299627406872
gGXx6vzZ,2.358718426046253
EWzFPJl4,4.643676086937775
bUkIXag3,2.0336285709670485
LpAl7I3h,3.3279024042771197
TSsDv9jq,2.8553252988171876
BW47H8zY,3.8849818948513346
OHpLvzaK,3.014201610582532
C7VHluMI,3.0175056451355204
X9bU6rEZ,3.7222956408560277
LalknmSD,2.0879361719236478
CtPyiWMQ,3.158540321479959
TIzX97hU,3.1708335113454083
wTvYqPKE,3.870686918172287
MBKqglud,3.278868833246088
4kgdjVpy,4.085886693689099
FD3urvbz,3.856668201586217
RKpxgdU9,4.012294404086433
bmh5O3U4,4.479893948405516
KZSPcDxX,2.0412487629888347
yp5cUfs0,3.011372584036144
EaJFY6AZ,3.8701970423264727
1pCPezlM,2.028035515593874
rev5ZtgS,3.8936256612183207
ajTv5gup,4.109476284232369
UgL3kl1s,2.0612257072806823
nBLI2k9v,3.0311299701419196
CD9oiVac,6.948449350202864
ouBZdzkG,2.014680587516591
xYiP2gHf,2.0158289147466215
irGzfP2Q,3.1556299502111504
reJgXEHa,3.987712785867734
s5XayKqE,6.775904620140283
LqJ54aZr,4.816501657595509
WU9SAnpw,6.922138852616771
9nPMR4Da,2.0731538869458017
OcpWPN8a,2.029816334439315
V6pK98JX,6.914006600042204
HlnYaJ7f,3.8482528972960424
DJwjveOM,2.0149436218231673
FQhJ6Zxk,4.035249004748185
SBnFy7vr,3.997952781520289
rOQcHSWU,3.970472088025781
m6TJ5Eot,4.407295996194297
CRNXMqZ1,6.780247790933498
g0AwHQWi,6.743880966371144
d27GuHEC,3.5020505147473884
Iz5PfUCA,3.91481879801635
AarxT82v,3.0554465660589636
Nn2EwfIp,2.0166409837826906
BVHPWjgT,2.0643343521925273
WfnBgosS,4.035494033527848
wocCVYFb,4.564932900152636
3KgwqCkD,6.880311129192106
aHlb2TRk,6.551524023878883
oC9Na24R,2.0205422055876623
1B0ftT8P,3.91453416051183
394GQCn0,3.99672979218999
sePAl83H,2.711024844235606
SusnTVMe,3.6318341418728233
MuaDOo9n,4.145567836115079
Bb9CsVvm,4.004072722595529
dSZvhUXW,2.0207975618816105
LUjsf4P8,4.486784065113461
0r2V3ni8,2.019203558661149
FN36fVPw,2.0174966445451723
JMB0T1np,3.958513599111511
EXRqpywG,4.007906809027772
6MiH7j5V,4.1231878357956155
l0OzVRmM,4.747592429934849
a4XwR7Or,3.9384105591346454
Yc2bW6HV,2.0157638439678705
8UOlhTCI,4.282417797950911
GBJWkRxA,5.816344766803086
qJTk2ndf,4.071237559437286
ZWvM91UK,3.930691395502145
xz3E9M6u,3.4610304711283604
98P3M2RD,5.381451584184543
aRXPq3DK,6.947076506112644
LleCtxho,3.903320147699778
VMFRSOnA,3.0640304150135487
1tHR2Eay,3.8704832529597843
4wzoLanj,4.09838817944681
6XaiWyRg,3.8506349842977214
XkzaWw8g,3.444837100678123
zcC1VpJH,2.0255524575379056
ItAX9asi,4.009807421324368
g6UkQMwa,4.890029143427964
iUAHN5W2,4.395253890869208
1sUeKtNZ,3.9165251012408406
PUytm5EW,3.0491827152244513
CsiPNo3u,3.9539389513159406
BmJAf6QF,4.942957673977579
3njo8rzX,2.0183948973759924
CLE0IwfU,3.6992431170154303
hYCLHqMX,5.9939688751182985
QhYHny3r,3.830082502304826
cBo5xfza,3.966299892694078
zhDjuHrd,2.0578302347245154
xTXKuAFP,3.5270341423433273
UWFQVORy,3.9944703816960105
SIWnNodh,3.7491684314675515
GEa3NiQS,3.653565498886528
5ZsUE7BA,4.4761596587128585
ciwEvdQT,2.0262760207400428
cUm23QLd,2.059909813086415
0KbZJFUC,3.92815143447393
K25pSv8V,4.119041986662597
suvDhgOa,6.933541520602267
vkt5jH2W,3.0185738043136374
c6p90dtY,4.296279447528649
3bRIuwts,3.5831689267430917
QoRm0hCS,3.8673898929229473
WFB0fnKL,6.80539672926694
9daT4OW2,3.070564715851797
zyWSPEZo,2.2107888838829965
0Kl8b4nJ,4.040955760642537
yIVRfx6c,3.0827210573476624
LcamVruw,4.173396843799146
ijrHu0JD,3.1649724538436566
s7idqSlQ,4.02244428836857
SoBq0yG6,2.0153805144941
mtSuAhvx,6.389399424813747
nkjdCL67,2.2855856547724396
GcCdm0WP,6.523364630090073
vZteH4ju,4.025484053683544
BSkhlHrY,2.285906812412086
xwstPFH7,2.283959502948619
0QOxztgM,4.038928977691576
zpACIqgY,3.514501922179188
VmoTb6Cf,4.166724748009874
wiWKMFcD,4.008945395399495
cHbWY30q,2.0608942866683355
8mDZxP2H,6.359021484219703
XpIzwg4m,3.709847129299414
BURDm6oC,4.0599430115273565
ltQVNrTA,6.297530998775036
yxoeH0v9,3.0963193444564467
uFZHVtn9,2.0356723449932725
lg1niWPr,2.9185444598012706
bf7N6rca,4.008192704231623
O0P4xgJm,3.4656457349611443
jmNcZloY,4.072919833549241
Jm6P0uiI,4.524654670418531
ZIFHR4fm,3.095126564318325
ORIiMkcn,5.2384355488163425
Cwmq5KLM,3.6996954557730346
VMTv12WY,2.031584868346763
vpmbD78z,2.0615755792368144
6xbWGr8Q,3.296032780436799
fm8TRzjD,2.5007652172993398
JUzk1e6W,3.954648737011366
Kamf7zTX,2.045494730582868
CtgIuBME,3.883376033552923
dqOuIBiH,5.032617827274661
1wMD3ZNF,6.932063364009082
om0sGEU9,2.0403130514295844
ufKSWiX9,4.3194854089804
qDsE4yhl,2.0200643764299455
DBjNLWSk,3.9181271771136195
rG7wyYjm,4.003496113592847
TQnpR0Sd,2.246866724805932
4jofAS9C,5.551558062400726
R6QxvyAT,3.0148842891033563
dYwKPzA9,4.711551089502754
HfygzO1Y,2.9765832655926348
vZMeCr95,4.131881526820071
l4Nnd7DS,2.021034970988985
9SaVcEfu,4.706691833200528
iBGn8JlH,3.4693532734535983
faNnpitw,4.150979278058803
mGe01pIK,2.0303369486381238
DIc1Oj3s,3.991522019365702
LCxk1fsN,6.940109593472006
12GyVksT,2.043737204922072
eSGOvmYo,4.855858378196427
guNchK5U,6.232175382152201
adLuCA0o,3.9349431450139676
lR7YVake,2.7406768639905925
f0bQwvNr,3.138363988175406
BifLnb8W,3.905398795965302
OoZybcPk,2.020763690657332
uLJ7V0qp,4.05647602295794
h7cMQ5O8,6.561377786212833
eLkQR15w,2.583712816485204
j7S0JbfE,3.400438041102606
LNiXVkK8,6.89321572498753
SU3DT7K0,3.6981973173341247
C2R3FD6c,2.0809524470529865
4Dloe7Uh,6.369765858314058
MQ4mGvAL,2.0237864713358475
8gsF3EO2,2.0320181118611798
t7dwlXuY,2.048771158255331
3CJvXApY,3.9974416849948304
KUZ5eg8k,4.955943389074818
h8YaofSF,4.058311553515852
JoIchLn7,2.6443930303193337
y7R4f5AC,3.267446014298475
ipFGy0Ig,3.079936877290529
CPbGnlJE,3.1186391974141587
Q5c2MKhY,3.2656246492324863
Krz1SMxT,6.97433873611416
jGcpNFPH,2.86598066969309
jIV84NUK,6.8210211625194646
GP27Rhuj,2.969545974980065
IkU1buv7,3.031291013270165
BcuZ3zmG,3.3940090661065185
cme89LB3,2.0215442172129356
V3FIOfY7,5.609549915746321
8TrDIcOh,3.6743101279866464
JVOLMKy1,3.265059678872349
Ii6FS0Xz,6.8137124666498865
ECWnkAH3,4.001223895146504
DmOLiXyG,6.952982596550138
6HQXAiM9,3.0264141781166836
LSO5ZlJu,4.625663374285796
FIEXfgSn,3.9400052447288907
1BvNJAor,2.044773367737653
kOYqy6I9,4.010931264773496
4zxVpano,4.060283184231084
M5ZSCqkm,3.434224235219444
eOrvQSIF,3.0398527280656706
45ALwR1S,2.7578438616794756
LQ0kxrY2,4.010411060312376
TnXDxZUF,4.048149781929497
7W9d5TCw,3.6320072345470544
MCslgXJZ,2.0142965025558075
1b4ljGv5,3.89293379626004
Yhvqs7Qt,3.720098475391533
LwxgjsI9,3.951816527843839
4quAItpb,3.771977785658091
QmpjPVBh,2.9794740915983855
TLtkvKxJ,4.303134650632565
j957bPXm,3.2047429503046443
kpGtO6yS,4.152063754488335
bIu3TPHk,3.4159397298386467
aj9QAvVY,2.034175982818706
KONcaxXB,3.0545575541073777
sj9Ir7kW,2.03958624800767
1TM4Fg7x,4.464814340830781
5ThL1uU8,4.824218854052015
v2REaNQs,3.89161267989286
a0WBp2P4,2.8974077339252835
HYUo4cqI,3.9479044553071794
dTYfys2Z,2.8442509713521575
RGlHun0a,2.479963305772108
7WZDXEnN,6.919818215940613
MHKomjrE,4.034723906459986
rxQRfXO4,3.989314651458335
3CVz18nE,3.0074912837219743
liprOYun,3.8800357201183218
JipmAay7,4.202030851012096
d2QGE8oq,4.0065277082588775
mTDR2pAI,6.688039978170127
BwmTvFXL,4.018295333455317
naqAyocG,2.0187738988058115
pRnoKy7F,3.96186649828378
JOySB8Qo,6.229387286185665
s3a6gMS8,3.9121195792822983
5xC6ZElm,3.8468102268579245
y6M9DtjZ,4.076293129428523
8AhlM2UP,3.9278626044739946
qx1ZaphM,3.9474816752345028
mA1qZ7hz,2.4629493727753293
ERVsK0GL,2.9569798368160263
rdeTbkxA,3.9889796675452276
QE3wlM1t,6.968777835645595
kYfK7G3I,4.0959991656649795
houYHIJ0,3.606919413499418
nsZXVWrz,4.174940780309262
9iysWl3d,3.965228704778201
UMWRbX4x,2.0422476085550443
j09u8E5Y,2.2539908891920275
N1f0uQeF,6.947498364541097
6RxC2vB4,4.0128059932079845
kZFO2Srs,4.769829236953519
WTbD1Fej,4.008161301126675
ohD2RC0k,2.17507159457542
Qbz7cLGq,3.7152824608347146
ENfTPQXp,4.045982391134021
gp4q0oy9,3.3826618843522738
7tfU1q3s,6.960022031469707
Bme6F0Gs,5.056367364197905
Zi0LFrn6,3.982731848685134
icewBNDH,3.6803232459817083
sS3m2deN,4.0304229175639925
wSHzW1A4,4.94610375960503
zqlv3PWZ,3.968351183600608
XyBbPaeS,4.025383736692747
xqDlF3IE,3.8484204337799013
kIJCabAV,3.562442799808923
PRFZWhc4,2.6319549236528106
Kwz7FYlI,2.6133193358173594
aUd4xD7L,2.699644944308093
9yaeBWov,3.203038945552835
TtgYunbQ,2.358392447298247
JyMAqzQk,3.5433160738524747
opUzcnve,2.7088962872957927
ZOmtoCkf,5.392731622225838
X2nmaK9Q,2.117778824101342
DkJcef7s,2.030241501277197
i4MLNwmu,3.9876132270119156
LnAbHJUr,3.9964433855999224
ShYFdcWw,4.075611309292727
vBsyiaKp,2.1385210974124496
NqkpwLUK,3.868867772381054
FZV9NUKq,3.946994128617189
uzhLJqUr,2.2364364630397175
JVTbOucY,3.0072282394074135
4lK1ynIm,4.014984288029373
VrfA6amc,4.00141622134583
qpgu8bhN,3.950065854003242
kqtK1D9y,4.009368751951434
WfG2eEFc,4.029970361335
X31NIB9h,3.8334611811686776
6JId8B1L,4.016633480330384
brlNnIJ2,2.9636859483599616
cPLD2m8B,2.964534976611467
7h1R4MdW,2.0272055538586935
9pBiCOUE,2.0312814725246424
GRtcBqns,5.198863107963262
OTqyX2Yg,4.5287405451713125
tIjogrCG,6.283897276075149
f9ldJua0,4.0108234761453065
WV7ox2H0,3.029025525788893
4r2RBOVx,6.963531804036757
35sUXSNH,6.875205901621376
AtcqmEDn,5.140546882861158
c8EwrKb6,2.7609871139179454
h6L0yEFf,2.014586772776018
DEMJ4X1f,6.952985909534545
2JIyHuds,4.1268807249482045
T4AJEfDK,2.936211379065571
BCiKLSZU,3.1971046861680223
1JvWOkhQ,6.451111203944602
ArzC8PQp,2.030139408152827
NkjVHU1I,3.002335518275795
HrWZNUnj,2.8191409212362486
FfshebaU,2.978502122945501
9zEA1Ljf,2.081969104847812
Emhau2xO,2.0615777798962784
GDZkL8Cy,2.0352203796818142
N69RuUKz,5.331569549777633
TNxA3u7E,2.0518017481884088
yYnURgZ4,2.9580032397427565
QHMPacbg,3.984596957321628
u2jXlUA5,3.2816579946805726
mv3EjdyK,3.0902519092403233
BeaCmX9h,3.2402892489824446
v7JhkxMj,3.6970568785684
b3hugkl8,3.030249190846061
hSzovewX,3.0139331737154
XIoutYEc,4.049590194843476
XT8HI7hG,4.0549803355334735
RB7NomAK,2.086568425897931
oKW3yHP2,4.061529131157731
cnLolzZy,2.5534108711918817
Z5vxjHMi,6.911269058395847
SbWqXaDi,4.276658068646138
iqH6AEPw,2.952527340896059
M0KxP1rp,3.150448149350268
NtWgiu7Q,6.966253934492416
1jWUPlEx,2.0327577300725537
0pZriOzt,5.314607704037334
5LxjUoXw,3.067242559819861
UN6OFRiQ,4.00984905606354
9QbUkIxc,2.01831606458727
lxZnVymf,2.0305875790832215
csHELWCm,2.032049841450571
XKjzQtOF,5.5890649338124785
bj0THqG2,5.433464014647761
wgrbZonc,4.112946662185059
lmtQk5Ke,6.95583649185799
dXcGDru8,2.050977638599561
JcpLYglt,3.0568516678160815
dV7MqsSK,5.021480641961097
MrZCq1Wz,3.385359899949981
yqj7hpUP,2.9190746177450633
1YFogWkS,2.0591191097500268
5P8dwlyf,3.982179686598065
m4tpCfJw,2.036880305005907
4M9hIUq5,2.982980285775193
ZGdEwUcP,4.186630937969894
JX9zxbrZ,4.020468811341561
CYEVyUp5,3.688665475576272
HgWSlbAj,3.112071699211374
KJy0lVAp,2.0212556435232547
oWT7iUC6,3.0618798001276266
kb2SwRPa,2.541856945347681
LJYPvRhI,5.045267758351001
761IbR0X,2.1638372167037594
2HKJkaYt,3.980392302917317
4C528qKB,4.14695001600423
rZfzjUoR,3.228028638579416
15kbHNoi,3.1713155925497993
uijna78G,3.6106825129583013
LP4cDVze,2.024626170174283
czMqVoTl,3.2423614137340335
mRZyQ6TX,3.9843986575776946
76IDaZbt,4.915170952523549
BKQScEtn,4.161161901912419
RX2GPvYx,2.113249225466279
hq8t2Yxr,2.0672678195768097
MfekumTi,3.9040849211018935
GMCiRDWI,2.023917870039222
07PKkdGp,4.406162765158806
7qfGCtvw,2.9621535756868984
nubUE8cM,3.859576791280124
3QpDm1q9,3.645138717043738
9HGOCiZt,4.075239828822814
C8kNw3lb,4.6035367032268555
J7r1MeWf,3.7414166815839414
RZ7zrgfU,6.935038214140819
o9gk57jI,4.082904673215817
W2GLJU4Z,4.019111887251766
8aiobw1P,3.9769815230350645
ACslIShQ,4.135311037842475
iWAlYHoN,3.435315734992328
81tfXvYj,2.8126013675972357
jc1u80yg,4.046576962587734
Tcqy9eIR,3.799109108127886
cE20NC5H,2.832137881163508
TqPzJxmU,2.9958176208080425
mIFzZaOE,3.977540383674659
YEpejnM9,4.2815138462884
KNPT7rdf,2.0206205024900554
89t25w1R,3.4087118775898126
2Fy7XvNG,4.491790914279409
ZCkl3i18,6.779450656414556
plY4UDIO,3.315161407759006
dEvPcpxz,4.010353036572087
pud8UHcG,2.0273187064456577
vgKw5BxZ,6.963919320056175
QCvoSBpR,4.482948879504111
JMsuL51v,6.889533925029101
248nZtoY,4.123306293268688
74893eIG,4.998601895413303
lnIFfYSg,3.029425573458812
6FIeP1lD,2.0667974040415813
CHQ8ze3x,3.201583530154894
i5e0MpIF,4.000691428776645
kbwRQvnl,6.9025800502288615
7m6k4Dxe,4.828190409869712
UCl7bK8s,3.063012020739552
yvhLWVwo,3.901296580430189
G2YetWC9,3.0077585305231334
pUwcbQBv,3.4526504661187944
5pP7IHWJ,2.4070230748425274
xBR0aOgd,2.051285255517214
U8hfFrIb,2.0360458654768445
zbu3I6JA,2.0543948247659136
EJdf2DFU,4.08604273867153
LOQEC2VJ,3.845549793260434
OxAmZs2t,6.3149513506513895
F7uajIMX,5.909679158159997
D07RlLn1,2.0358903709048173
kabsxONW,3.8998362560498934
myO63oe2,6.922897957551176
1l8x3LDi,3.959715374941589
31IjELQl,3.4129384156509692
JyHxhcVW,3.3076775170624027
qQA9IDeL,3.8973714506305983
3fpFMEBm,2.2100368920308755
jwVCaKvY,4.046557176297538
TCl2EIWd,3.734840137297651
QOl6ZYr7,6.9509126404189745
vCf8TVql,4.690882321460522
NDP8xVJB,4.023894411693582
O5UhijtV,3.0476790088708725
4uDIVJfb,4.051340002004214
3BmMZIw7,6.945936559221954
aSpWy1gD,3.0174285214720293
Uh2xHBDM,3.334562105655787
Nr97g0o5,3.9625017889382432
v4xka9Xs,4.003716217637148
rCdTzoQg,6.572316748132581
AxL90iEr,3.011262616087643
XHlyCeDY,6.768275866768744
bru6oAB9,4.3912820620241115
bh3FWK9E,4.032126137234445
bYQwPl6e,3.9933079146764796
lBmuvSgU,6.951085141339571
wL4DUQW3,6.919699898157269
yUTlfZsN,6.910636106611783
Fdr1DXv8,2.989509730138234
iHn8YOI7,3.008473464960699
BReFiIox,5.151376285408714
L9hdmnwt,4.020595767392952
xunZ0ISr,2.009599810170057
avVIXeiF,2.029347690755406
kYUfgKH3,3.898107156300321
DLn3ycHg,3.9861742868193693
lCDOHYuV,2.1172246408174398
ZW48LlmR,4.971078892257064
Hnly95Fi,4.522687807034818
UnTk0cQD,3.936129336711164
OEsxTYyc,6.946369606482331
nKbdNwq8,4.10774228124763
hj2ouKON,2.468319457313228
fQkoNJT9,3.7091905010108173
KsWyvXTS,4.041782407394054
rj3yCOpX,6.920183651887716
zjAXYikP,6.954980281220051
9oVSQAsG,3.338279374928825
dolCfpTV,3.9215412849863056
eEDV6KPf,4.056055184791767
aPm9otlM,2.025289686630713
JpyGPFc7,2.0338433544459984
B8yI2dfU,3.233394973035357
hitvfQCw,6.9233579439779
ThjnfM2F,4.14847789491556
EDICcjG8,2.016425461662293
vd8yA5Ib,4.04310539918908
GxsP7ohM,6.396693998760311
kiBNQwdl,3.582152661771979
Uhnw3fvJ,5.508740284698433
mzaZeloY,6.516345723069972
fAQbUr3W,4.268752365899273
IJOvHg5V,2.9735338952345773
SzuBnHCq,5.005653746742754
IZbY2i5e,3.108939199176089
1IAWJUfO,4.380695770445454
c8Pm4vr5,2.0240501434066394
Q57AkIDR,2.0286623331418014
xIkXvimT,6.738877889625728
tjZ6wu3b,6.873784794325911
GuOnfwTg,5.136897963672527
yehgvWHF,2.9565176551823606
uQWLfSop,4.564501779143466
n9FJxSbm,4.196257310028887
mc8HgfKW,3.981457352155558
4KQrgWVS,3.9731991438659677
63oRm4g7,2.0213882861639467
xCqNY8aK,2.1734208424296226
NQpTPWMZ,3.0026642678590725
mw6B0vjL,3.0707266253098533
hOsXx9L8,2.9429657376449905
8t7DSiQY,6.9263942613883405
Mhu32dV4,3.0300351157978
sIkAZpGt,2.349291674436536
jpATnikz,2.025295164290419
TBhAuCad,6.929603447342743
ER7alsiV,2.041635927674106
uA4pZBc5,3.982416681448485
8fVFJxhI,4.0077931952527575
ZKxXaSCk,4.387751663570707
tZxLgWse,3.030275498152037
MoiH01ck,6.533536567520061
9acSXJ2H,3.806626004630234
lRqv7ywZ,6.918564571251627
lP3AQ6Fa,2.036173053633002
YVXNr1pF,6.949076119523743
7KIYWbql,3.146667085530353
AayKXwUZ,5.410300623583607
rwtD0cI4,4.859509570857772
BdoQkny7,6.963571348057305
bldS7Kg6,4.06894049170689
jRxCybZP,4.04066559701083
g8SJ0hRK,3.0408298053049654
auP8rwWN,2.0291705000917135
Z4sGUrlM,6.237929088552482
RsZxnvrq,4.015612802282995
qGiSw2D5,3.0459661969588163
fAUMw1We,6.946772907254891
ouid0zA4,4.319807052814867
wIHnrmdT,3.9254751118389684
vbFNzHte,3.195237954003969
f1nIEl5Z,3.029373924230298
f7pmGyou,6.887512047909732
1ZOgYrTq,5.1419836920282975
D8qRuBFt,6.817101555481786
ilO4g1J9,4.223655014758915
iXG8vVLJ,2.056734959553214
PbG1nZa7,4.006549815767803
RI3hot42,4.042159641001981
KSmQPrfk,6.264300977221284
VGuQCTt7,6.885804706758572
RkxANdgl,3.887678896858161
BqfF80DT,6.61287377248169
0aId4rXj,4.039407590030882
jdyYPLW6,5.058541388062567
y7GDowup,3.9203433699297334
3Z9gbAzK,2.1772865488415123
usIYWOz5,3.9538277733671388
VSftJOs9,3.977208078022165
j0sAdTIR,3.967947898220264
9GcP2oKv,2.0137112013446066
EOCjU7oP,3.8029383308294933
gHpueayz,2.026051610397226
Zy9tVqWg,3.7574013291917803
UXWtk3g2,6.911953986799054
jCnxAf4m,3.9077025730542667
VHoXBCSm,4.209704020372956
fPJHgEOi,2.049475004408032
tfXYrWRC,2.0149051145314383
eEjcQnUV,6.537557985488965
pwlBLncu,4.621968947058049
u6pLFgxA,3.0624023493834827
qdwDvbRH,2.0409208464419497
OfbAEaHe,4.337331821485205
5FxNw29h,4.725931625377853
QRPDwGez,5.028392675627547
DOKU7wEe,3.873991636965657
YO8VEpoR,3.160116109662265
a9mRZJeO,3.640350966875849
JSGDXoFi,3.9953159337460056
hwDrknf2,2.4970138705447975
ihJlXr2C,2.090562453429011
mjbutsS1,3.794322178222938
CNkDnIH9,2.0746556431025964
cdp9OQFD,3.7076060595505984
sv5WP4GA,3.8038026509910017
87JM5GYh,2.0344965217362185
mqa9wGhj,3.275697519851383
6LpncJHj,6.623059165002777
W0KCuq3z,4.05822897619044
nACarBKo,2.827224597225986
G3AW6oMt,2.006283796479811
GTJiIgqj,4.050007281622238
DkKlb8w5,6.888545497870872
X0eG2KN3,6.821908334804758
ft7ayVCk,6.8757274678899565
GYEziT45,3.5671780626801777
C9Q2fxWe,4.53149931701657
K1N76yrz,2.1498835589424017
0bLz8pAk,3.549260203565064
7KnIFqDB,2.1030323269366185
OUHmpf1x,4.048576319462154
rzvj5x3c,3.853311835807981
OZs6H2EF,4.04757162676411
XkW9N3eY,3.6028152281558143
E6C8lu9J,4.025644184269764
9hHprzmq,3.6393651757983023
sMvR1a9l,4.217571398932724
PN379F5a,3.966023274087602
tChIi5aJ,3.780935502895063
6zSPitmF,2.9711180579730714
sQgaULWA,4.019184465392609
wjNXST7d,3.826282875420292
ZvlASKTJ,4.049858523907568
nowHvuiP,3.938895813277923
lo1gWscS,3.722674126606144
MozGj4Xx,6.801497973558289
NMiG48ze,4.0882934811054294
M3LhsZQk,4.011910643661794
hjvT7PUr,3.422964851001743
rTxLUHBe,4.004234660012717
HlpbxTqe,3.9799836799668262
gKjlv79Z,4.736188088716409
T7RDjxGu,2.9075537053969627
rZBQl03e,3.2005946044603477
UwBycsZ6,4.377962509220815
28Y1RXJr,2.9296381850814215
ShnHwOy3,5.318328011830672
zlR0LoMk,2.025858880557662
9wgEUTYL,4.100456053735615
iG2vjO7D,3.097228829573796
3X4ogbaT,4.00247602917656
1SfcIZgV,2.8133808338082966
pVmJjWTc,3.31410767119145
aY7dyivw,2.853772805117769
9bro8DFH,4.014390107004729
TEQoyj6U,2.059850866876805
1w8sy7tT,3.0284225244545313
S36WTjYu,4.217148850425147
Y6wvUkzF,3.998974350032886
zCXaHkp7,4.816798171350965
45VXDExS,6.254697134361704
buwYMvAo,4.0122392474446675
FC3xiH8Z,3.9487994766203345
l3E2LNJS,3.0564039976923962
CUVYXRvI,4.033229691720881
t9i7hFap,3.333463024959201
jzl90eFn,6.885799682847721
1EJhgrwD,3.0334323069078164
jFzqbIud,4.025587858714061
s5NzUM1G,4.731355222297134
R7rgbecJ,4.287142775245011
KeacGpOl,3.0049163938961287
6ONoqmUW,3.0906226829395744
WaVzUwuY,3.9775228129395694
PEA243Jp,2.9436456691984496
I3OrXjmy,5.126115821183193
m2GcSwfZ,6.967411061570019
ETGS4WlP,3.9458929034140966
JWHtMGzq,2.928282806274947
qoCGpUWH,6.953946788878528
s0FKtqWZ,6.819899536368612
PLH0Dvd6,2.996299991012125
7ZFj2TOc,3.0934055297580922
LXUzMmTc,2.307494951356202
UNil01xM,3.4401891086122482
MlfUA1dE,3.9534246012361836
dCMqnEOX,2.446779142414262
LNBjDhtT,2.0623514209210407
vCjNu4S7,4.612178771291074
RKiBj2lp,3.7960412511258617
7ZSimMJh,3.763676645029163
tsIcgh26,2.343625722221332
zwvuBXJ6,3.9925467595117334
tyCKx98D,3.171078386649024
Gt5reUn2,4.2586918294872165
i2JT4zaQ,2.9964694150055586
9MLrZ7lw,6.855229431891348
O9kXpVmD,4.015170055465914
Unixm4yV,3.987431341316296
nmK8Qxz9,2.5752576273951853
qApzcxfo,2.2635546499787598
tqiDEAgJ,3.976327140362701
w1Nfz0AF,2.922424528642587
EXh2qGbU,2.0490739068723456
lxvanW5z,6.62653149294434
Jjb5D3CZ,2.018969131966988
G7HegRcm,5.161083287128131
FH3ZRsEX,3.384667986591057
U3T01hNH,3.0106709565948044
64ZqKX3A,4.04466637487436
YetIlFbA,2.0296230973794946
tiO3sYwK,6.811047691112253
XCzqKlIj,4.373089167473081
nME9zby5,4.237269519837136
VpTUCgRl,3.226870293197608
EefDpxbG,4.022574023844136
Da4XIfPc,6.959729037085708
SVxFlCjp,4.078232563658384
8wXBgFz9,5.816413650312898
nN3GQ4qk,5.169919120312916
oXvQK4ij,4.8108980527403755
47ugfVSB,5.838737683228173
nVJpFLce,4.874542981531995
SudOJ25B,4.327751465837355
o4wPj1Ea,6.9646047699859635
ZCbu7ULD,3.5184319838811646
0JHmexwt,2.0266899373399063
vEGCUKay,3.996686653882862
dKc3tasP,6.596993358266483
rZjDJCx5,4.410924437821377
gPZRknjb,4.3916322574950755
f1OaH4M6,2.032866826377867
ecIGOqv3,2.250796768196305
pkNUzfQR,2.051459281236457
B25sc0VY,3.0208930871935076
byuQ5dBa,3.915542613874932
nkvecaTJ,6.931500720057575
v73DEXLR,4.089103278769181
V8Ue14tv,4.109497474569361
ToL1v6pF,6.974845670866417
6Q1vBdFa,3.9571265604591828
s6UA85Q7,4.529967925221426
DsMpY0cB,2.7594952630391347
SElBDktK,2.036249235493524
8M53z0oE,2.1145974618694163
KVBM5fqT,2.998431770115476
xWw56OB8,3.479873739666073
o91VzWfp,6.965587300354673
MB5tzTQq,3.0246729608964964
KlWfZwTk,4.232133583746103
OyXcfH7J,5.458950256899406
vPreMz5w,5.373251960847993
z0ub9FyX,4.04302513074872
RbEAPoY9,3.001870907515549
ywLsTgtz,2.4699311207023853
5uOL8CVd,3.18205512287037
vGbM0kwx,6.256529857405112
t45DiCQO,5.1919323609438655
xN6nliMj,3.043422792896672
BzUcapub,2.804513326998567
1qjcNfT6,4.096687419896335
BV0JdOcK,2.0335146834061018
Z0ehtXsz,3.7482886770230834
DvJXBPmp,3.741740257475467
B5sY6qrP,3.9913603309648167
e2CUz4nt,6.792811485233543
RwLKhngB,3.0755266884021695
73ztVijS,2.8667426701994554
Jv60wE1F,2.0277473533495143
pn09yCZU,4.302606088881875
oyMiKWGH,4.036415044570039
5iX0JLG1,2.034983553374768
ZybaC3eG,4.3278393559785036
36ZKowDf,3.028244056562969
j87W2Gws,5.816425497184391
u5rp81GU,2.033132586528955
8cowklBi,4.007228380389861
YLgnMrQU,2.0406276647713097
Lx6RTvJ9,6.628820227121177
nQ3AxvHo,3.930792997259487
5wnjJVAb,4.129456940630588
Q76AOydx,5.994939964144142
cloeSVhE,4.033798111637188
Qq2SXfw0,4.044636681772971
4QtX5NdS,3.9903139078043024
g7xSiaA4,4.094137136312566
adbqEj59,3.9316572885168717
sdVFxXcJ,4.108505953243585
SC73YGUh,3.261906457104196
naObywDq,3.9646379687797166
62ptYAPh,3.999255222889624
JnIi2U8k,3.9876629427298944
4jCnX235,3.814943335846183
AtmQgefu,6.893689895342686
sVP5KgMz,6.949163907865587
4HIe70ub,3.0293018555345044
4K9btANU,4.007967779637881
073SXqRf,3.9202324896701612
pAToKG6J,3.4662906187796034
OG6giCt4,2.538541517435224
y4zXrLDo,3.990852851032468
UzFD8nOf,3.1746640377034785
iZSEHzU4,4.006157093316998
5RrxzoM0,6.9135175852480275
0ydZiSqe,2.0269462656935504
1ElUpirK,3.142349210145184
JaIGXgmQ,3.9061949078083487
FDHvu8Ad,2.0701320449411282
HDbUMmVK,4.061505013039859
M2fyQ4x3,3.8044442132528635
rfDEQd82,3.3765451966770343
pB2WTZq5,2.022616811915177
ib7ZMmSd,2.843426236139348
pBZISn42,6.916793684124132
cGWIvBlA,3.912987299490633
9O6Rbeqa,4.005138118747434
Sj5Tuo2n,3.5553308487602044
Dx3PSwgO,2.9666267260221866
DVx6bn8C,4.005717693773914
T0t5PVXc,4.121876073449966
1fgP5dTq,5.952564375838264
9iEQjGyI,4.085751219636295
y6wLaMxZ,4.01007227452064
KeiGpMyo,6.816144237011377
3UV2TWGD,3.043743521478855
O8sJAmrS,4.868883611961064
Vi4z1GPo,3.9841776133138502
Muj7lD1G,5.488112726485124
5PNK8Ihz,2.1536419012118677
FEVaxGJm,3.7983328131543024
chNg8lT4,4.295006794491201
fFpw2evd,5.360816552860014
osDpdObR,4.591412544083286
0RcPltsq,3.7901441277388948
FeBMZNzQ,3.5447588192331745
WeatXVR9,2.8339971388061533
Boerkf0H,3.759396597269224
6gpLi79f,3.0265272211715644
aK0mD8TG,4.301085795260443
MIJ56xcS,4.878394320146617
gHPVopD6,3.9177586190747027
csrIoBbT,2.3209526181875844
IfMSbj1a,5.2594274688913725
rV7du6nH,2.603229852938384
qmMuCSV9,2.023998208614075
LrmtS4Py,6.904136373242946
bEMsUDL6,2.95430595271112
sjchbnLZ,3.4731509875098707
VYO4RkWa,2.8779017244861644
1TAXz9u3,4.88410242466518
BeasmgY3,3.906412395204934
uWky70vK,3.705127376520541
nLsRm7bc,6.180961845261553
BXnvgta7,2.1064142314143828
FOsxo59g,3.044218985119951
nAdikEsF,3.8128759931752567
P4MC7J53,3.876330586664553
WfVUIqPt,2.0263726282314565
izQC1TYE,4.114189014377725
1VDGxUy6,4.145432215306864
P6ue3E4L,5.457308603741694
263PGHQc,5.116025954710786
d4P5CkZI,2.984550139597764
RqlJu8rz,2.032334418661085
nlCAQNKb,3.5968162325705633
iFIUaBST,6.296616517470684
WiU2tesY,2.015521994284427
KTR1qy0x,2.023621837748942
0Btl5rbx,2.049328271462873
A451voVj,3.5469658375758444
eDTHL7dC,5.062084187796718
GhcJ9Z4D,3.993078042303459
vh6li5g3,3.067490373567707
dWwD3fCi,3.411064589862362
SCTjquE9,2.904589739966614
Qky8MZDh,3.559692326810327
xTKpVvow,6.890002982577134
U3n4qT19,3.48274540201528
yquhxOEQ,4.854105077390267
gMSFJ5UR,3.187372067576944
qFEUtPO0,4.006540600646149
whSMgBfz,4.957090472957207
gSa1ykz9,3.0024019992331157
JSQy26tw,3.9643861320002998
YGn3c2Iu,2.9962967428877527
ricCbaOt,2.029743033241793
34PWylzF,3.9890862201328536
9eogSGAm,2.3928441639630185
vPCu4mML,3.941245979340374
jBZ7OpNC,4.2022831565816885
bqDtTgXP,3.8712404569692445
JMA87uqO,4.012975795724779
tziDdwo4,2.0233339110117092
bSZyC9xR,3.074328654013698
OtQsHIkT,3.2787862571561712
UHFCcMWV,3.9781647467249415
GLfkMX5u,2.034394621530373
ZQG6Rupi,4.872184780561365
5CDKveGk,2.0847179079897615
FDu3owjg,4.020172837406643
RgOcCaGd,5.564753473502352
1pZjQ2Xq,5.621418927860214
D1oyJMks,5.0171173193251795
ArchPj9U,3.061740495631038
HTLARErD,6.833232994117717
E3CYIFLu,4.0575421560372344
rRUtYAgi,4.5878201293971514
0kuVfrpj,2.0566792007602634
BrSgbOu7,6.826297945741681
Waphz4QN,3.9490258582224493
V2Oros3S,2.946384288390382
BgD7XwYc,4.030028231648703
vkV7JEuX,2.706786423256999
b6oQyNW2,5.328022536845528
957HdhKq,3.7749322166282213
HghAMFQz,3.006790927724578
IYstXwG5,3.796175355349969
lHxyWJ8E,2.079978365628922
HwN1MEqj,4.125098550829426
j3yaYH8Z,4.252523303953394
HkNKtRUb,4.04727664407983
Xp6miEcy,3.790375158995739
GfHLv43y,2.0450823031674377
UQSnOM0F,3.843954799503918
9a6YPvkD,4.264582170439243
PaIhXblM,6.880194412417332
UZ5Aqk2S,3.434078422463499
kIdE4zYX,3.9643245843845945
yK9AFlxr,3.6593078306433746
2CLDlbk8,2.923496378690634
FIZm5cNJ,3.9124138903972927
iUTtc8ZB,3.900648719690507
7CiGZNQw,3.226504209075356
YKeWqoZQ,2.4967368242074732
90L8sOUg,2.999727586477384
Nb9QEh0X,4.000451681042432
RmhFyxDI,3.7981646063461083
k42VHljh,3.065688031615573
0dlqzp8n,2.0409834137006824
rk7bImnH,4.1720224161828074
yw960IC4,4.0806662788434185
L5oSnsVt,4.536924216442857
KPwz5aRe,4.0285327819628804
IZqDXjAw,3.6897431690222584
C5UmopQM,4.270432349719995
HqFCuDtp,4.0650599353460715
ju4PTai7,2.8347740802641233
qL4dHXTp,3.267402856272529
dBTHNSzx,4.0345993795187685
Uzb84ncx,4.28270237498451
zsYJN8tm,3.0931438387506205
70PSDoWi,2.697620434949058
7GDJuxFi,3.6876065820063735
RXhGab0P,2.0678091694627074
HlyasmSK,2.385124607304024
Q26oyZgx,6.898257836146567
5j0wvHbI,3.0322162649873645
QjeD0say,2.990839007777722
Ub3SVd8H,6.8231723730996325
nyLbQfxF,4.006380679211871
B80NZrtK,3.991460062191327
EIby4zWv,6.925814604564731
eAEsWrbu,2.984550260569377
kyN2rCd5,3.492556441113629
OLDFRmz9,3.9653900567002345
GQoZYySD,4.301146720448159
KGOX4BfY,2.8410873191943393
KjEZeXLW,2.2684786736380196
3sl2SBj7,4.725492631335291
HPuosZkf,6.760506612751051
8OZKFLja,6.770785981037662
MS1iNC2z,2.0210513576450557
XmQ4Oo0y,4.053327099066955
bWvctn1C,3.9103253494294776
tJix0VTf,3.030522646466561
5mENbnZT,4.61436034159211
Vu0XHDBZ,4.246162481785286
GARSgETk,3.0124044064214828
s4RvFdyD,2.037541520899904
VF3Nq27f,2.1450656333809457
6KZf24mv,3.116955822341333
YW7qsOSL,4.107020901599899
KD5BjnIF,2.142958684395853
aYEOGr0M,5.066235499186441
2niv8j5G,3.9980086339919945
vFZ2WL5X,2.986697278708707
ULIC1pqO,2.030558250281856
5SD9ikrG,2.015660161707492
XxzapZ5O,2.033604019716367
SCPu5E02,3.8932174338225742
aPq9C6b2,4.019726784930403
wO7HyqdD,4.002196312546246
mT9DANPg,2.229757211582764
Ku2hGgji,2.0281365079280933
l5iDRnFz,3.8698406537916155
umOtojXV,4.26813674292236
zCumrBgx,2.9934806571075567
q4PtiW7I,3.8513512177502705
63PIXwaf,3.8046602510344387
5pyN9rmY,2.9956093785053053
lK2dHVug,4.297949409079738
ACuBZyIX,2.0124882552145413
40EdkHIJ,4.086549193051178
CkqIOnQA,3.307390623771762
lEkC9730,6.68842194122597
7hFGn02a,2.573025453496375
oEBzbWtc,3.938816104726866
TRUzliGS,2.1739597069754746
bkFW57QT,3.746747871687112
1xSZ38oU,2.763167060308042
o7Jn0MLR,3.6659066423156768
bEvKQlAO,3.5983449039689726
C3FA2bIg,6.600301374156553
Edx50WBR,6.909918146249693
eca3U5rP,3.5189460701138886
nomvO9d4,4.074839365568659
gVLAlxpH,5.031299566579656
hx6Pe2fw,3.023882641820892
NlWZXm06,3.985356763954551
R1JfUZGK,2.084245690886964
1IHPsW2h,3.0092498657474063
ota4b1hW,2.3474523211532508
9SdvzZ1o,4.0676135326628895
8Bgj5wkQ,4.003639174124656
XDIeUm3J,3.0182135735368503
LSFsWG0t,2.1161950724059713
PuhTMbGW,3.258182495180518
WwyRcMA6,4.043718835633517
8Z7YaHMy,2.9576174525439276
bPExTL0A,3.9158300456557478
CDyn7csA,6.694643074223277
jn9Pegvy,4.476309357602732
VRq2lPsj,3.4087597026390717
K9ZdR32r,2.0164600119778697
1QNc6A4k,2.393115915239323
MntwTmOL,6.415827038111165
HwIvaoJ2,2.0434987841711694
WFv9P2bZ,3.792677369421581
TYokPZ2C,4.097302880548014
nRX1Q7fj,2.8750044484928363
xpPRDrki,6.936890610478004
JIOq6ZQ2,2.9537372367450736
i7BJYw2d,4.007951019233288
xATL6BlF,4.4603395563847155
ksFryQ8b,2.013826304979102
jQI4mKHi,5.057870488726768
LUCfj1ks,3.9890519378721363
NSneCVfh,4.011377462818453
1FINKhcV,3.6733991779357895
gBWi5e2U,3.088728605789074
N1R0YtnU,3.9692065505942624
DfZ8bSWd,2.889243522876932
J8sqQk19,2.9799579192085366
Gpv1ntYg,2.030751706023075
536vFK0B,3.966216799162525
LQaOVX6s,3.224023560718925
UjC08AoG,3.8210269017440437
liU5brAP,2.917713048462538
S1jR6Qc3,6.896795605401421
ZGgI7Qcw,2.33935634010355
GbU8DunW,3.9561964646474004
os9jIiCd,3.103972763227066
YH924BIN,2.9940859998279485
c7W3GtwB,6.695947334995289
Q9uKq2aM,2.028391889263003
IQPCJyzO,3.8522371668595587
RC3kjdlF,4.681450156655628
wOToWNIq,2.0283027247779186
GdzimAtb,3.2713104153226595
FikPlTvJ,3.2280635670274207
RcLXy0ng,4.018387232064015
WoZIryCM,2.036015918944795
p9cEAJsy,3.6270054133515806
UCRKPqrw,2.0320363744362835
HwJ75nTp,2.923678165412203
IjxNAb01,3.974030301443709
GnhxkbcE,4.013119598228218
Kv2guLqN,4.104643985251895
1Ezg6980,3.8744195261934147
u6itBabk,3.0344408159181873
5OAhwx6T,2.87795594736388
ZnqgTFN8,2.386978205757914
Uzo0C2Z3,4.196085703740245
kibh7ZPK,4.061795202631283
sTwIqbVM,4.085014800662484
9qHlarc6,3.7323965307471916
PBGMUScQ,2.02575014246082
45KzZq3o,2.2073574280695905
kRxHPLNl,4.164858283196809
BYdVQJju,3.349643490228337
ZiJqr1NK,4.799476162329666
y0uJrFpK,3.766072064921027
z6Uv3VsC,3.2319536083417555
PGn9dH2v,3.977603165334294
R7jzFTMo,2.035294987379166
JFjPlVQU,2.837027330897981
hBRVkI73,5.8738121290062555
SEVkNMgI,5.712310654086759
nxXyTogD,3.0006578096846352
59nMZckj,4.052795422072522
uFUDbSt6,2.014584285491501
xru08pOZ,4.072743284349558
uYJBVR9I,4.67409178092843
usbhWY8x,4.014987801016128
8OQi74Ax,3.0046100672100144
QSZfCK59,6.790015526213975
N0pkTQyo,2.0104888066840125
DIXwWOH0,2.0249670553355825
hKrOuvwA,2.0332578000750985
BlXV1GNY,4.001952099961272
Nj5C1snK,4.411383467268315
fr8hKNJP,5.278872671927092
DCtMnxTS,4.059777711685165
4Mwh1IVA,3.1887965345888376
fn9LuAWz,3.8307194504747173
hGn4oFPN,4.130119213738945
OBQFVrmc,6.958186083783659
l7VMfr14,4.07330906162184
5lmbS7sx,3.980281346217935
ZNB9y6kA,2.031237127614877
obHvESjq,3.585650825719167
s21yIXCe,4.3635086859040895
ZXWO1Pnf,3.976425995891682
3kHaGSEc,3.7051584011731022
PSmZFG2n,3.1155539492908426
CihpsMjL,3.2987217844286354
hYmtAlZn,4.323912562530313
fOi7wJ4C,3.727808265765198
Zfbhav27,2.1558502404017057
hFDZSCEG,3.6148306222136304
m6R21han,2.089453404904998
XtyFqPQA,3.2478363396823986
KdsPbH7A,6.482881872571889
MVdpgB75,3.9878984882527946
5WOB49Eq,2.526439700162446
wTVk2OeX,3.023259681452764
uvXn8SNx,4.040222257188725
l3YbhtHO,6.316854495753796
MFqyWOVs,3.5342232841366785
GDxRXyqn,3.543413618006743
c7RdJeBi,3.9242323362076426
D1clAqkx,3.9230226601034524
ugc7oJWh,4.8269881919014725
yS93ezLf,3.9945038666022583
UVy8xZce,3.2106189947311217
ZvEbolhD,2.0409658145191494
TK3RCLhZ,4.005149914352597
UlJTNdqV,2.0203673256212644
c5U3ftHe,2.917447410985187
q7xtyX4c,2.989513796428254
IpSt5a2J,3.0698179927904854
EgysqMzW,6.618431062772871
3IbwG6AR,4.211208842461346
WXThmvR4,6.407881344427442
07UoE5tI,6.490746440427029
jt083Ovz,4.013612909253879
RXATBC4W,5.224893624601682
VI7PhxLZ,4.0180936191679475
6rGUwBSW,4.142272415972693
zOciyK4w,2.152759185016039
vCyUEI5m,3.806045973879519
1Hhcnl0i,2.0140942395891814
KB85iGOy,2.6950861639450885
uge3wZtF,2.023180905796184
qlo4gSFO,3.0574695476036866
RjHP6Qvn,4.025709909442303
YeEkUVJK,3.0329602515911396
uvAmVRks,3.9154549724077157
gyY1FnPB,4.0364907267047245
cwg95Tbd,2.033629619480271
RZw3QfjD,4.397540871172805
xoTyih7B,2.014411116823321
vSFoAf9G,4.019354840345477
H9UastWl,4.046636436937035
lXiDhZGC,5.860625685882842
F0VDr9Zc,4.026830886795578
3Fl5H12A,2.0210047517854783
Olx7gipM,6.957750438815891
